id,question,ground_truth,fine_tuned_llama3.1
2969,متى يُقبل طلب الرد؟,يُقبل طلب الرد إذا تم تقديمه قبل الدخول في الدعوى أو المحاكمة.,يُقبل طلب الرد قبل الدخول في الدعوى أو المحاكمة.
2284,ما هو الإجراء الذي يجوز اتخاذه حتى مع وقف الدعوى وفقاً للمادة 140؟,يجوز اتخاذ الإجراءات والتدابير الضرورية أو المستعجلة مثل التوقيف وإخلاء السبيل حتى مع وقف الدعوى.,يجوز للمحكمة أن توقف الدعوى وتحدد للمشتكى عليه أو للمدعي بالحق الشخصي أو للمجني عليه أجلًا لرفع المسألة إلى المحكمة المختصة.
3177,ما هو دور المحكمة وفقًا للمادة 34؟,دور المحكمة وفقًا للمادة 34 هو ترجيح البينة بين الأدلة والشهادات في الدعوى.,تستطيع المحكمة أن ترجح بينة على أخرى وفقًا للمادة 34.
3536,ما هو شرط العفو من العقوبة المقررة للجرائم التي يكون محلها مالا عاما؟,التبليغ عن الجريمة قبل اكتشافها ورد المال محل الجريمة.,يجب أن يكون التبليغ قبل اكتشاف الجريمة.
1398,ما هي الاستثناءات من المصروفات التي يمكن تغطيتها بمستحقات الامتياز؟,المصروفات القضائية.,لا يجوز تغطية المصروفات القضائية بمستحقات الامتياز.
1244,متى ينتهي حق الحكر طبقاً للمادة 1260؟,ينتهي حق الحكر بحلول الأجل المحدد له.,ينتهي حق الحكر بحلول الأجل المحدد له وفقاً للمادة 1260.
1628,ما يلزم صاحب العمل عند انتهاء خدمة العامل؟,يلزم صاحب العمل إعطاء العامل شهادة خدمة ورد ما أودعه العامل لديه.,يلزم صاحب العمل عند انتهاء خدمة العامل بإعطائه شهادة خدمة وبرد ما أودعه العامل لديه من أوراق أو شهادات أو أدوات.
4809,ما هي السياقات التي تجعل الذم أو القدح مشروعا؟,عندما يتعلق الأمر بصحيح ويعود بالفائدة على المصلحة العامة.,عندما يكون الذم أو القدح صحيحا ويعود نشره بالفائدة على المصلحة العامة.
2931,ما هي الحالات التي يُسمح فيها لذوي المصلحة بالدخول في دعوى قضائية؟,يُسمح لذوي المصلحة بالدخول في دعوى قضائية إذا كانوا يرغبون في الانضمام إلى أحد الخصوم أو يرغبون في طلب حكم لأنفسهم.,يُسمح لذوي المصلحة بالدخول في دعوى قضائية في حالات مثل أنضمامه إلى أحد الخصوم أو طلب الحكم لنفسه بطلب مرتبط بالدعوى.
2162,كيف يتم تنفيذ الاستنابة وإرسال محضرها وفقا للمادة 80؟,يتم تنفيذ الاستنابة وإرسال محضرها الى المدعي العام المستنيب على المدعي العام المستناب وفقا للمادة 80.,يجب على المدعي العام المستناب تنفيذ الاستنابة وإرسال محضرها إلى المدعي العام المستنيب.
1221,ما هو تأثير زوال البناء أو الغراس على حق المساطحة؟,لا ينتهي حق المساطحة بزوال البناء أو الغراس قبل انتهاء المدة.,لا ينتهي حق المساطحة بزوال البناء أو الغراس قبل انتهاء المدة.
5512,ما هي العقوبات المترتبة على الأفراد الذين يخالفون أحكام المادة 54؟,يتم اتخاذ إجراءات قانونية ضدهم وفقا لأحكام المواد 46 و47 و49 و50 و51 من القانون.,تطبق أحكام المواد (46) (47) (49) (50) (51) من القانون.
5316,ما هي المدن التي تشكل محاكم استئناف فيها وتعين لكل منها رئيس وقضاة؟,تشكل محاكم استئناف في عمان واربد ومعان، وتعين لكل منها رئيس وعدد من القضاة.,عمان، أردن، وماعان.
3364,متى يلزم الدائن بإثبات وجود التركة في يد الورثة؟,يلزم الدائن إثبات وجود التركة في يد الورثة بدعوى أصلية إذا انكر الورثة ملكية أموال التركة.,يجب على الدائن إثبات وجود التركة في يد الورثة بدعوى أصلية إذا انكر الورثة وجود أموال التركة أو لم يتمكن الدائن من إثبات ذلك بأوراق رسمية.
4785,ماذا يحدث إذا كانت أعمال العنف تستوجب عقوبة أشد من تلك المنصوص عليها في المواد السابقة؟,يضاف إلى العقوبة التي يستحقها الفاعل من الثلث إلى النصف.,يضاف إلى العقوبة التي يستحقها الفاعل بمقتضى أحكام القانون من الثلث إلى النصف.
4709,كيف يتم تحديد إذا كانت العملية المصرفية لها علاقة بنشاط إرهابي؟,يتم التحقيق في القضية وإذا ثبت للمدعي العام أن للعملية العلاقة بنشاط إرهابي يتم إحالة القضية إلى المحكمة المختصة.,يتم تحديد ذلك بالتنسيق والتعاون مع البنك المركزي واي جهة ذات علاقة، محلية كانت أو دولية.
5254,ما هي الممارسات المحظورة التي يجرمها القانون فيما يتعلق بنظام المياه؟,التنقيب بدون إذن، الحفريات العميقة، النزع من الضفاف، التعدي على حدود المياه، ومنع جري المياه العمومية.,الهدم والتخريب.
3005,ما هي الأسباب التي قد تدفع المحكمة لإصدار مذكرة بحظر مغادرة البلاد؟,الأسباب تشمل تصرف المدعى عليه بجميع أمواله، أو هروبها خارج البلاد، أو نية المغادرة بغرض تأخير دعوى الخصم.,إذا اقتنعت المحكمة بأن المدعي عليه قد تصرف بجميع أمواله أو هربها خارج البلاد.
661,ما هو الموضوع القانوني الذي يتناوله هذا النص؟,يتناول هذا النص الباب الثاني- عقود المنفعة - القانون المدني الأردني لسنة 1976 الفصل الأول- الإجارة - من القانون المدني الأردني لسنة 1976 المحافظة على الماجور.,المحافظة على الماجور.
1569,هل يمكن لأي قانون آخر أو عقد عمل يمنح العامل حقوقا أفضل من تلك المنصوص عليها في هذا القانون؟,نعم، يمكن لأي قانون آخر أو عقد عمل أو اتفاق يمنح العامل حقوقا أفضل من تلك المنصوص عليها في هذا القانون دون تأثير على حقوقه المقررة في هذا القانون.,نعم، يمكن لأي قانون آخر أو عقد عمل يمنح العامل حقوقا أفضل من تلك المنصوص عليها في هذا القانون.
1513,ما هي الوسائل التي يمكن للأشخاص استخدامها لنشر معلومات عن الأشخاص الذين يتولون تنفيذ أحكام القانون؟,يمكنهم استخدام شبكة معلوماتية، تقنية المعلومات، نظام المعلومات، موقع إلكتروني، منصة تواصل اجتماعي، أو أي وسيلة نشر إلكترونية أخرى.,يمكن للأشخاص استخدام شبكة المعلوماتية، تقنية المعلومات، نظام المعلومات، موقع إلكتروني، منصة تواصل اجتماعي، أو أي وسيلة نشر إلكترونية أخرى لنشر معلومات عن الأشخاص الذين يتولون تنفيذ أحكام القانون.
1467,ما هو نتيجة استيلاء شخص على مال مملوك للغير باستخدام بيانات ومعلومات؟,الحبس لمدة ثلاث سنوات وغرامة لا تقل عن 10000 دينار.,الاستيلاء على مال مملوك للغير باستخدام بيانات ومعلومات يؤدي إلى عقوبة الحبس والغرامة.
4966,ماذا يحدث إذا لم تكن الفتاة المجني عليها قد أكملت الثانية عشرة من عمرها؟,يُعتبر الشخص مرتكبا لجريمة الاغتصاب ويُعاقب بالعقوبة المنصوص عليها في القانون.,إذا لم تكن المجني عليها قد أكملت الثانية عشرة من عمرها، يعد مرتكبا للجرم المنصوص عليه في المادة 292 ويعاقب بالعقوبة المنصوص عليها فيها.
5293,ما الدعاوى التي تختص بها غرفة قضائية للنظر في الدعاوى الحقوقية؟,الدعاوى المتعلقة بالعقود، الشركات، الأوراق المالية، التأمين، التجارة، والمزيد.,الغرفة قضائية للنظر في الدعاوى الحقوقية.
4137,ما الذي يحظر على رئيس وأعضاء مجلس إدارة الشركة المساهمة العامة؟,يحظر عليهم أن يفشوا معلومات سرية عن الشركة لأي شخص.,يحظر عليهم إفشاء أي معلومات أو بيانات تتعلق بالشركة التي يعتبرها ذات طبيعة سرية.
3112,ما هو التأثير الذي يترتب على طلب اعادة المحاكمة طبقاً للمادة 217؟,لا يترتب على طلب اعادة المحاكمة وقف تنفيذ الحكم ما لم تقرر المحكمة خلاف ذلك.,لا يترتب على طلب اعادة المحاكمة وقف تنفيذ الحكم ما لم تقرر المحكمة خلاف ذلك.
1098,ماذا يتولى وصي التركة بعد تسوية ديونها؟,يتولى وصي التركة بعد تسوية ديونها تنفيذ وصايا المورث وغيرها من التكاليف.,يتولى وصي التركة بعد تسوية ديونها تنفيذ وصايا المورث وغيرها من التكاليف.
2099,من الذين يوقعون على الجرم المشهود وفقًا للمادة 38؟,المدعي العام والكاتب والأشخاص المذكورون فيها.,يوقع على الجرم المشهود المدعي العام والكاتب والاشخاص المذكورون في الفقرة 1 من المادة 38.
3156,ما هو شرط سحب الورقة أو السند الذي يقدمه الخصم في الدعوى؟,يجوز للخصم سحب الورقة أو السند برضا خصمه وبأذن خطي من رئيس المحكمة بعد تحفظ صورة مصدقة عنه.,يجب على الخصم الحصول على رضا خصمه وبأذن خطي من رئيس المحكمة بعد حفظ صورة مصدقة عنه في إضبارة الدعوى.
5214,ما يتضمنه العقاب وفق المادة 437 من القانون؟,العقاب يتناول الشروع في ارتكاب الجرائم المنصوص عليها في المادة 430 وما يليها من المواد الواردة في الفصل الرابع، ويشمل الإفلاس والغش إضرارا بالدائن الإفلاس.,يتناول العقاب الشروع في ارتكاب الجرائم المنصوص عليها في المادة 430 وما يليها.
1805,ما يمكن للعامل المطالبة به إذا تعرض للفصل التعسفي؟,يمكن للعامل المطالبة بتعويض الفصل التعسفي وأي حقوق أخرى مترتبة له.,يمكنه المطالبة بإعادة إلى العمل مع الحكم له بكامل أجوره.
5865,ما هي النقطة التي يركز عليها القانون بشكل خاص بخصوص تعيين الاشتراكات والرسوم السنوية وكيفية تحصيلها وتسوية وصرف رواتب التقاعد؟,يركز القانون بصورة خاصة على تعيين الاشتراكات والرسوم السنوية وكيفية تحصيلها وتسوية وصرف رواتب التقاعد.,يركز القانون بشكل خاص على تعيين الاشتراكات والرسوم السنوية وكيفية تحصيلها وتسوية وصرف رواتب التقاعد.
3337,ما هي شروط قبول طلب تنفيذ حكم التحكيم؟,يجب أن يكون موعد رفع دعوى بطلان الحكم قد انقضى ويجب تقديم طلب التنفيذ الى محكمة التمييز.,يجب أن يكون موعد رفع دعوى بطلان الحكم قد انقضى.
3660,ما الشرط الوحيد الذي يجب توافره لإمكانية انسحاب الشريك من شركة التضامن؟,يجب تبليغ المراقب والشركاء الآخرين برغبته بالانسحاب كتابياً.,يجب أن يكون الشريك المنسحب مسؤولاً بالتضامن والتكافل مع الشركاء الباقين في الشركة عن الديون والالتزامات التي ترتبت عليها قبل انسحابه منها.
2841,ما هو تأثير عدم صحة الإفصاح على تقرير الخبرة؟,يبطل تقرير الخبرة في حالة عدم صحة الإفصاح.,يجب رد تقرير الخبرة ويمكن لجنة الخبرة أن تقرر رد الخبير.
2639,من يُحال القرار النهائي بشأن إعدام الجاني إليه؟,يحال إلى جلالة الملك بعد اتخاذه من قبل مجلس الوزراء.,يُحال القرار النهائي بشأن إعدام الجاني إلى جلالة الملك.
523,ما هو تأثير عقد المخارجة على حصة البائع الارثية؟,ينقل عقد المخارجة حصة البائع الارثية الى المشتري ويحل محل البائع في استحقاق نصيبه من التركة.,ينقل عقد المخارجة حصة البائع الارثية الى المشتري ويحل محل البائع في استحقاق نصيبه من التركة.
657,ماذا يعني تعدد المستأجرين وكل منهم ضامنًا للاضرار؟,يعني أنه إذا كان هناك أكثر من مستأجر، فإن كل منهم مسؤول عن الأضرار التي تحدث نتيجة لتقصيره أو تعديه.,يعني أن كل من المستأجرين هو ضامن للضرر الناتج عن تعديه أو تقصيره.
234,ماذا يحدث عندما يجتمع المباشر والمتسبب؟,يضاف الحكم إلى المباشر.,يضاف الحكم إلى المباشر.
477,متى لا تسمع الدعوى بفسخ العقد أو انقاص الثمن أو تكملته؟,عندما ينقضي مدة سنة على تسليم المبيع.,لا تسمع الدعوى بفسخ العقد أو انقاص الثمن أو تكملته إذا انقضت سنة على تسليم المبيع.
1767,متى لا تنطبق أحكام الفقرة (أ) من المادة 94؟,عندما تنشأ الإصابة عن حالات تسبب الوفاة أو العجز الدائم بنسبة لا تقل عن 30%.,إذا نشأت الإصابة عن خطأ أو إهمال جسيم من المصاب.
1608,ما الحق الذي يحصل عليه العامل في حال انهاء صاحب العمل عقد العمل محدد المدة؟,يحق للعامل استيفاء جميع الحقوق والمزايا التي ينص عليها العقد والأجور التي تستحق حتى انتهاء المدة المتبقية.,يحصل العامل على جميع الحقوق والمزايا التي ينص عليها العقد ويتحق الأجور التي تستحق حتى انتهاء المدة المتبقية من العقد.
3307,ما يعني قرار المحكمة المختصة في حالة الطعن بقرار هيئة التحكيم؟,يكون قرار المحكمة المختصة قطعياً.,يعني أن المحكمة المختصة تقرر قرار هيئة التحكيم في حالة الطعن فيه.
1258,ما الشرط الذي يتعين تحققه لحفظ حق المالك بين عقارين منفصلين بعد انتقالهما؟,يجب أن يبقى الحق مجرداً وظاهراً بين العقارين دون تغيير في حالتهما.,يجب أن لا يحدث تغيير في حالتهما ما لم يتفق على غير ذلك.
5544,ما هي الدعاوى التي يمكن لمحكمة الصلح النظر فيها بصرف النظر عن قيمتها إذا كانت مرتبطة بالأموال المنقولة؟,دعاوى تقسيم الأموال المنقولة.,دعاوى الحقوق المتعلقة بدين أو مال منقول أو غير منقول.
351,ما هي الحالة الوحيدة التي يعفى فيها المدين من الحاجة إلى اعذار؟,الحالة الوحيدة التي يعفى فيها المدين من الحاجة إلى اعذار هي اذا صرح المدين كتابة انه لا يريد القيام بالتزامه وفقاً للمادة 362.,عندما يصبح تنفيذ الالتزام غير ممكن أو غير مجد بفعل المدين، أو عندما يكون محل الالتزام تعويضا ترتب على عمل غير مشروع، أو عندما يكون محل الالتزام رد شيء يعلم المدين أنه مسروق، أو عندما
2832,ما الإجراء الذي تتخذه المحكمة إذا تخلف الشاهد عن الحضور دون معذرة مشروعة؟,تصدر مذكرة احضار بحقه.,تستدعي المحكمة مذكرة احضار بحقه وتتضمن تفويض الشرطة اخلاء سبيله بالكفالة.
136,ما العقوبة المترتبة على الزوج في حال قام بإجبار زوجته على التنازل عن حق لها؟,يكون تصرف الزوج في هذه الحالة غير نافذ ولا تكون له أي تأثير قانوني.,يُعاقب الزوج ذو الشوكة بالحبس مدة لا تقل عن سنة.
4964,ما هي العقوبة المنصوص عليها للشخص الذي يرتكب جريمة الاغتصاب وفق المادة 293؟,يعاقب الشخص الذي يرتكب جريمة الاغتصاب وفق المادة 293 بالعقوبة المنصوص عليها في المادة 292 من القانون.,يعاقب بالعقوبة المنصوص عليها في المادة 292 من القانون.
3869,كم تكون مدة تعيين مجلس الإدارة؟,لا تزيد مدة تعيين مجلس الإدارة على أربع سنوات.,لا تزيد على اربع سنوات.
2788,ما الذي يجب على الطرفين ألا يقوما به في لائحتهما الجوابية؟,يجب على الطرفين عدم نكران ادعاءات الطرف الآخر مجملاً في لائحتهما الجوابية.,يجب عليهم عدم منكرين ادعاء خصمه وبدء البحث في كل أمر واقي من ذلك.
5403,ما المصنفات التي لا تشملها حماية القانون وفق المادة 7؟,القوانين والأنظمة والأحكام القضائية والقرارات الإدارية والاتفاقيات الدولية والوثائق الرسمية والترجمات الرسمية لها.,المصنفات التي لا تشملها حماية القانون هي القوانين والأنظمة والأحكام القضائية وقرارات الهيئات الإدارية والأحكام الدولية والوثائق الرسمية والترجمات الرسمية.
899,ما هي الحالة التي يحق للحارس الحصول على أجر مثله؟,عندما لا يشترط الحارس الحصول على أجر ويكون من العمال الذين يعملون بأجر.,اذا اشترط الحارس اجرا استحقه بايفاء العمل وان لم يشترطه وكان ممن يعملون باجر.
4339,ما هي المدة المسموح فيها للجنة التنفيذية لتزويد المراقب بمحاضر الاجتماعات؟,يجب على اللجنة التنفيذية تزويد المراقب بمحاضر الاجتماعات خلال سبعة أيام من تاريخ انعقادها.,يجب على اللجنة التنفيذية تزويد المراقب بمحضر اجتماع الهيئة العامة لكل شركة خلال سبعة أيام من انعقاد الاجتماع.
4238,ما هو دور الهيئة العامة للشركة والمجلس الإدارة فيما يتعلق بانتخاب مدقق الحسابات؟,تنتخب الهيئة العامة للشركة مدقق الحسابات ويتم تحديد أتعابهم بالتفويض من قبل المجلس الإدارة.,يختار الهيئة العامة مدقق الحسابات وتقرر بدل أتعابهم.
5473,ما هي مسؤولية الشخص الذي وجه ونظم ابتكار المصنف الجماعي؟,يلتزم بنشر المصنف باسمه وتحت ادارته.,الشخص الذي وجه ونظم ابتكار المصنف الجماعي يكون له وحده ممارسة حقوق المؤلف في المصنف.
5836,متى يحق للنقيب أن يتخذ صفة المدعي في القضايا؟,يحق للنقيب أن يتخذ صفة المدعي في كل قضية تتعلق بافعال تمس كرامة النقابة أو كرامة أحد أعضائها.,يحق للنقيب أن يتخذ صفة المدعي في القضايا التي تتعلق بافعال تمس كرامة النقابة أو كرامة أحد أعضائها.
4035,ما هي الشروط المطلوبة لأسناد القرض وإصداره بواسطة مجلس إدارة الشركة؟,يشترط موافقة مجلس إدارة الشركة بأغلبية ثلثي أعضاء المجلس على الأقل.,يشترط في أسناد القرض موافقة مجلس إدارة الشركة بأغلبية ثلثي أعضاء المجلس على الأقل وإصدارها بواسطة مجلس إدارة الشركة.
5141,ما هو تأثير تصرف الشخص المعهود بإدارة المحل وتفقده والعناية به؟,يعتبر أنه هو صاحب ذلك المحل سواء أكان هو صاحبه الحقيقي أم لم يكن.,يعتبر الشخص الذي يشرف على إدارة المحل أو يتصرف به تصرف الشخص المعهود له أمر تفقده والعناية به أنه هو صاحب المحل سواء كان هو صاحبه الحقيقي أم لم يكن.
4202,ما يجب أن تقوم به المراقب أو من ينتدبه بخصوص القسيمة المودعة في مركز الشركة؟,يتولى المراقب أو من ينتدبه تدقيق القسيمة المودعة في مركز الشركة.,يتولى المراقب أو من ينتدبه تدقيقها.
3651,ما هي التزامات شركة التضامن تجاه أي عمل يقوم به شخص مفوض بإدارتها؟,تلتزم شركة التضامن بأي عمل يقوم به شخص مفوض بإدارتها وبأي مستند وقعه باسم الشركة، سواء كان شريكًا في الشركة أو لم يكن.,تلتزم شركة التضامن باي عمل يقوم به شخص مفوض بإدارتها أو القيام به.
957,متى يمكن للمحكمة أن تعفي الكفيل بالنفس من الغرامة التهديدية؟,يمكن للمحكمة أن تعفي الكفيل بالنفس من الغرامة التهديدية إذا أثبت عجزه عن إحضار المكفول.,يمكن للمحكمة أن تعفي الكفيل بالنفس من الغرامة التهديدية إذا أثبت عجزه عن إحضار المكفول في الوقت المعين.
5491,متى يمكن للمحكمة إلزام الشخص الحاصل على حق التقديم بتقديم التأمين أو الكفالة؟,عند قرار المحكمة أو قاضي الأمور المستعجلة بإجابة طلب صاحب الحق وتحديد نوع ومقدار التأمين.,عندما يقرر المحكمة أو قاضي الأمور المستعجلة إجابة طلب صاحب الحق.
5294,ما هي الدعاوى المتعلقة بالأعمال المصرفية التي تدخل ضمن اختصاص محاكم البداية؟,التي تزيد قيمة المطالبة في كل منها على مائة ألف دينار، بما فيها الاعتمادات والضمانات المصرفية.,الدعاوى المتعلقة بالأعمال المصرفية التي تزيد قيمة المطالبة فيها على 100 ألف دينار.
907,ما يعنيه أن يكون اتفاق على مقامرة أو رهان محظور باطلا وفقاً للمادة 915؟,يعني أن أي اتفاق يتعلق بالمقامرة أو الرهان الذي يعتبر محظوراً سيكون باطلاً وغير ملزم قانونياً.,يعني أن يكون اتفاق على مقامرة أو رهان محظور باطلاً أن يكون الاتفاق غير صحيح أو غير قانوني وفقاً للمادة 915 من القانون.
4105,ما الإجراء الذي يجب أن يتخذه الشخص الذي تم انتخابه عضواً في مجلس إدارة شركة ولم يكن حاضراً؟,يجب عليه أن يعلن عن قبوله بالعضوية أو رفضها خلال عشرة أيام من تاريخ تبليغه بنتيجة الانتخاب.,يجب على الشخص الذي تم انتخابه عضواً في مجلس إدارة شركة أن يعلن عن قبوله بتلك العضوية أو رفضها خلال عشرة أيام من تاريخ تبليغه نتيجة الانتخاب.
721,ما هو الحد الأقصى لقيمة الأجر الذي يحصل عليه المزارع في حالة فسخ عقد المزارعة؟,لا يجوز أن يتجاوز اجر المزارع قيمة حصته من المحصول في أي حال من الأحوال.,لا يجوز في الحالتين أن يتجاوز اجر مثل العمل أو الأرض قيمة حصة صاحبه من المحصول.
1863,ما العمل الذي يجب على صاحب العمل القيام به بعد تبليغه بأوراق الدعوى؟,يجب عليه تقديم جواب مفصل على اللائحة لكل واقعة وفق ما يطلبه العامل.,يجب عليه أن يقدم جواباً مفصلاً على لائحة الدعوى.
2002,كم تكون العقوبة عند تكرار حالة النقص أو الزيادة غير المبرر؟,يعاقب المخالف بالحبس مدة لا تقل عن ثلاثة أشهر وبغرامة لا تقل عن 1000 دينار ولا تزيد عن 3000 دينار.,يُعاقب بالحبس مدة لا تقل عن ثلاثة أشهر وبغرامة لا تقل عن ألف دينار ولا تزيد على ثلاثة آلاف دينار.
2906,متى يمكن للفريق الذي لم يمتثل للاشعار استخدام المستند كبينة في التدعوى؟,يمكن للفريق الذي لم يمتثل للاشعار استخدام المستند كبينة في التدعوى إذا أقنع المحكمة بوجود سبب أو عذر كاف لعدم أمتثاله للاِشعار.,يمكن للفريق الذي لم يمتثل للاشعار استخدام المستند كبينة في التدعوى إذا أقنع المحكمة بوجود سبب أو عذر كاف.
163,ما هو تعريف الفسخ والاجازة في القانون المدني الأردني؟,الفسخ أو الاجازة هما بمعنى فسخ العقد أو السماح بالتنفيذ القانوني له بشكل صريح أو دال.,الفسخ والاجازة هما تعبيران عن فسخ العقد أو إلغائه، وفقاً للمادة 181 من القانون المدني الأردني.
3533,ما العقوبة المنصوص عليها للشخص الذي يرتكب جريمة بقصد وفقا للمادة 5؟,يُعاقب بمقتضى العقوبات المنصوص عليها في قانون العقوبات وهذا القانون.,يعاقب بمقتضى العقوبات المنصوص عليها في قانون العقوبات وهذا القانون.
417,ما هي الآثار المتعلقة بتعدد طرفي التصرف التضامن بين المدينين؟,تعدد طرفي التصرف التضامن بين المدينين ينظمه في القانون المدني، ويمكن الرجوع إلى أحكام التضامن في هذا القانون لمزيد من التفاصيل.,يمكن للدائن أن يطالب بدينه كل المدينين المتضامنين أو بعضهم، ويمكن لكل مدين أن يعترض عند مطالبته بالوفاء باوجه الاعتراض الخاصة به أو المشتركة بين المدينين.
3295,ما هي المدة القصوى التي يمكن تمديدها لاصدار حكم التحكيم؟,يمكن تمديد مدة اصدار حكم التحكيم مرة واحدة أو أكثر على ألا تزيد عن اثني عشر شهرا.,اثني عشر شهرًا من تاريخ اكتمال تشكيل هيئة التحكيم.
5037,ما هي العقوبة المحتملة للفاعل إذا لم ينجم عن أفعاله مرض أو تعطيل عن العمل ولكن مدتها لم تتجاوز العشرين يومًا؟,الحبس لمدة لا تزيد على سنة أو غرامة لا تزيد على مائة دينار، أو كلتا العقوبتين.,يُعاقب بالحبس لمدة لا تزيد على سنة أو بغرامة لا تزيد على مائة دينار أو بكلتا العقوبتين.
2950,ما هي الحالات التي يُسمح فيها للمدعي بإسقاط دعواه؟,يُسمح للمدعي بإسقاط دعواه في غيبة المدعى عليه أو بموافقته إذا كان حاضرا.,يُسمح للمدعي بإسقاط دعواه في حالة غيبة المدعى عليه أو موافقته إذا كان حاضراً.
3163,متى يمكن الإثبات بالشهادة في الالتزامات التجارية بغض النظر عن قيمتها؟,يمكن الإثبات بالشهادة في الالتزامات التجارية بغض النظر عن قيمتها مع مراعاة أحكام أي قانون خاص يسمح بذلك.,يمكن الإثبات بالشهادة في الالتزامات التجارية بغض النظر عن قيمتها بموجب أحكام المادة 28.
1326,متى تعتبر مرتبة الرهن التأميني؟,تعتبر مرتبة الرهن التأميني من تاريخ تسجيله في دائرة التسجيل.,تعتبر مرتبة الرهن التأميني من تاريخ تسجيله في دائرة التسجيل.
1414,ما هي المرتبة التي يحتلها امتياز صاحب الفندق وفقاً للمادة 1443 من القانون المدني الأردني؟,يكون لامتياز صاحب الفندق مرتبة المؤجر وفقاً للمادة 1443 من القانون المدني الأردني.,يكون امتياز صاحب الفندق مرتبة المؤجر وفقاً للمادة 1443 من القانون المدني الأردني.
1415,ما هو المادة 1444 من القانون المدني الأردني؟,تتعلق المادة 1444 من القانون المدني الأردني بامتياز البائع على المنقول بالثمن وملحقاته.,المادة 1444 من القانون المدني الأردني.
4580,ماذا تحول أحكام التقادم دونه؟,تحول أحكام التقادم دون تنفيذ العقوبات.,تحول أحكام التقادم المنصوص عليها في قانون أصول المحاكمات الجزائية دون تنفيذ العقوبات.
1465,ما هي العقوبة لشخص يستخدم بيانات ومعلومات للحصول على أموال الغير؟,الحبس لمدة لا تقل عن سنتين ولا تزيد على ثلاث سنوات وغرامة لا تقل عن 5000 دينار.,يُعاقب بالحبس والغرامة.
4793,ما هو شرط تقديم الطلب لإثبات صحة الذم الموجه لموظف معين؟,يجب أن يكون ما عزاه الذام متعلقا بواجبات وظيفة الموظف أو جريمة تستلزم العقاب قانونا.,يجب أن يكون الذم متعلقا بواجبات وظيفة الموظف المعتدى عليه أو يكون جريمة تستلزم العقاب قانونا.
3557,ما هو الموضوع الرئيسي للتشريع؟,الحجز والتحفظ على الأموال التي تم الحصول عليها نتيجة ارتكاب جرائم اقتصادية.,الموضوع الرئيسي للتشريع هو الجرائم الاقتصادية.
1714,ما هو تقديم المادة 64 من القانون؟,تقديم المادة 64 من القانون يعتبر باطلا كل اتفاق يقضي بتنازل العامل عن اجازته السنوية أو عن أي جزء منها.,تعد المادة 64 من القانون باطلا كل اتفاق يقضي بتنازل العامل عن اجازته السنوية أو عن أي جزء منها.
5069,ما هو نص المادة 354 من القانون؟,المادة 354 تنص على أن كل تهديد بإنزال ضرر غير محق يُعاقب عليه بالحبس أو بغرامة.,تحدد المادة 354 من القانون عقوبة كل تهديد آخر بإنزال ضرر غير محق.
4584,متى يمكن غامة الأمر بوقف تنفيذ العقوبة؟,إذا صدر حكم بالحبس لمدة تزيد على شهر واحد بعد صدور الأمر بالوقف.,عندما يصبح الحكم قطعيًا.
1209,ما تأثير تنازل المنتفع عن حق الانتفاع على التزاماته؟,لا يؤثر تنازل المنتفع عن حق الانتفاع على التزاماته لمالك العين المنتفع بها ولا على حقوق الغير.,لا يؤثر تنازل المنتفع عن حق الانتفاع على التزاماته لمالك العين المنتفع بها ولا على حقوق الغير.
4573,متى يكون التضامن ساري المفعول في الالتزامات المدنية؟,يكون التضامن ساري المفعول في الالتزامات المدنية فقط إذا حُكم على الأشخاص بجريمة واحدة في نفس الدعوى.,يكون التضامن ساري المفعول في الالتزامات المدنية عندما يحكم على جميع الأشخاص الذين حكم عليهم من أجل جريمة واحدة.
286,في أي سياق يجب عدم الإخلال بأحكام الضمان وفقاً للمادة 291؟,يجب عدم الإخلال بأحكام الضمان مع مراعاة ما يرد فيها من أحكام خاصة.,يجب عدم الإخلال بأحكام الضمان وفقاً للمادة 291 في سياق الأشياء والآلات.
5820,ماذا يحدث إذا تحتوت الأوراق على أسماء أكثر من العدد المطلوب؟,يُهمل منها الأسماء الزائدة عن العدد المطلوب.,تُهمل الاسماء الأخيرة الزائدة.
5389,ما هي الأعمال التي تتمتع بالحماية في مجال الفنون التطبيقية؟,الزخرفية والعمارة واعمال الرسم والتصوير والنحت.,اعمال الرسم والتصوير والنحت والعمارة والفنون التطبيقية والزخرفية.
3132,ما هي الشروط اللازمة لإعطاء الصور الخطية والفوتوغرافية قوة السند الرسمي؟,يجب أن يكون اصل السند الرسمي موجوداً، وأن تكون الصور نقلت منه وصدرت عن موظف عام في حدود اختصاصه.,يجب أن تكون الصور الخطية والفوتوغرافية التي نقلت من السند الرسمي وصدرت عن موظف عام في حدود اختصاصه.
3825,من يحتاج إلى موافقة المراقب لتسجيل شركة توصية بالأسهم؟,إدارة الشركة.,يحتاج إلى موافقة المراقب لتسجيل شركة التوصية بالأسهم.
2675,ما هو القانون الذي يُلغى ويُعدل في البند التاسع عشر من المادة 369؟,قانون أصول المحاكمات الجزائية رقم 76 لسنة 1951 وما طرأ عليه من تعديلات.,قانون أصول المحاكمات الجزائية (المحاكمات الإتهامية) رقم 22 لسنة 1946.
4058,كيف يتم انتخاب أعضاء مجلس إدارة الشركة المساهمة العامة؟,يتم انتخابهم من قبل الهيئة العامة للشركة بالاقتراع السري والتصويت النسبي.,يتم انتخاب أعضاء مجلس إدارة الشركة المساهمة العامة بالاقتراع السري والتصويت النسبي.
1390,ما هو تأثير الامتياز على حقوق حائز المنقول إذا كان حسن النية؟,لا يؤثر الامتياز على حقوق حائز المنقول إذا كان حسن النية.,لا يؤثر الامتياز على حقوق حائز المنقول إذا كان حسن النية.
5318,ما هي الغرفة الاقتصادية التي تنشأ لدى محكمة استئناف عمان؟,تنشأ لدى محكمة استئناف عمان غرفة اقتصادية تضم هيئة واحدة أو أكثر.,تنشأ غرفة اقتصادية تضم هيئة واحدة أو أكثر.
2387,ما هو اسم الصندوق الذي يتم تأسيسه لتقديم المساعدة القانونية؟,صندوق المساعدة القانونية أمام المحاكم.,صندوق المساعدة القانونية.
1915,ما هي الشروط التي يجب توفرها للتحاق ببرنامج المعالجة؟,تحديد من قبل الطبيب النفسي أو الاجتماعي.,يجب أن يكونوا مدمنين على تعاطي المواد المخدرة.
3043,ما هو عقوبة الإهمال في إرسال الملف في الموعد المحدد؟,يمكن لمحكمة الاستئناف أن تحكم بغرامة لا تزيد على خمسين دينارا.,يحق لمحكمة الاستئناف تحديد غرامة لا تزيد عن خمسين دينارا.
3432,في أي حالة يُسمح للرئيس بالسماح باستعمال الأشياء المحجوزة؟,إذا كان مالكها أو صاحب الحق في الانتفاع بها يستعملها في ما خصصت له.,يُسمح للرئيس باستعمال الأشياء المحجوزة في حالة كان مالكها أو صاحب الحق في الانتفاع بها يستعملها فيماخصصت له.
2017,كيف يتم تحديد مكافآت أعضاء اللجنة؟,يتم تحديد مكافآت أعضاء اللجنة وسائر الشؤون المتعلقة بها بموجب نظام يصدر لهذه الغاية.,يتم تحديد مكافآت أعضاء اللجنة بموجب النظام الذي يصدر لهذه الغاية.
2078,ما الإجراء الذي يجب اتخاذه إذا قصر موظفو الضابطة العدلية في القيام بمهامهم؟,يجب على المدعي العام تنظيم ضبط بالواقعة ورفعه إلى النائب العام.,يجب على المدعي العام تنظيم ضبط بالواقعة ورفعه إلى النائب العام.
5170,ما هي العقوبة لشخص يشتري مركبة مسروقة ويعلم بذلك؟,الحبس من سنة إلى ثلاث سنوات.,الحبس من سنة إلى ثلاث سنوات.
5161,ما هو عقوبة الحبس لشخص يرتكب سرقة غير مبينة في المادة 407؟,يعاقب بالحبس من ستة أشهر الى سنتين.,الحبس من ستة أشهر الى سنتين.
5107,ما هو العقوبة المفروضة في حال أدى الحادث إلى وفاة أحد الأشخاص؟,الإعدام، وفقاً للمادة 381 التي تزيد نصف العقوبات في حال وقوع وفاة أحد الأشخاص بسبب الحادث.,يُزيد العقوبات المذكورة في المواد السابقة نصفها في حال أدى الحادث إلى وفاة أحد الأشخاص.
3548,متى يمكن للنائب العام إجراء المصالحة مع حائز المال؟,عندما يتم إعادة المال محل الجريمة والمنافع المرتبطة به.,يمكن للنائب العام إجراء المصالحة مع حائز المال في حال رد المال أو تسوية عليه.
2839,كيف يتم تنظيم شؤون الخبرة أمام المحاكم النظامية؟,تنظم شؤون الخبرة بموجب نظام يصدر لهذه الغاية.,تنظم شؤون الخبرة أمام المحاكم النظامية بمقتضى نظام يصدر لهذه الغاية.
3493,ما هو الشرط الذي يمنع قبول عرض بزيادة عشرة بالمائة بعد اعادة البيع؟,عدم وجود عرض آخر بمبلغ يزيد على ذلك الزيادة.,يمنع قبول عرض بزيادة عشرة بالمائة بعد اعادة البيع إذا كانت الاحالة قد سبقت عرض آخر يزيد على ذلك.
277,ما هو تأثير المادة 287 في حالة ازالة التصرف؟,تكافؤ المادة 287 بين التصرف والغصب يعني أنه يُعامل التصرف بنفس القوانين التي تُطبق على الغصب.,تُعتبر المادة 287 متساوية في تأثيرها مع المادة 286، وتُعتبر كل ما هو مساو للغصب في ازالة التصرف كحكم الغصب.
2758,ما هي السلطة المختصة في حال وقوع منازعات تتعلق بمصروفات الدعاوى وأتعاب المحاماة بصورة تبعية؟,السلطة المختصة هي المحكمة التي فصلت في أصل الدعوى وفق المادة 46، مع مراعاة عدم التداخل مع أحكام قانون نقابة المحامين.,المحكمة التي فصلت في أصل الدعوى.
5652,هل تشمل القاعدة المذكورة في المادة 11 الاشتغال بالصحافة الحقوقية؟,لا، لا تشمل القاعدة الاشتغال بالصحافة الحقوقية والثقافية.,نعم، تشمل القاعدة المذكورة في المادة 11 الاشتغال بالصحافة الحقوقية.
2843,ما هي المادة التي تنظم تعيين الخبراء في القانون؟,المادة 84.,المادة 84.
1637,ما هو الأساس الذي يعتمد لحساب مكافأة نهاية الخدمة عندما يتم حساب الأجر على أساس العمولة أو القطعة؟,عندما يحسب الأجر على أساس العمولة أو القطعة، يعتمد لحساب مكافأة نهاية الخدمة على المتوسط الشهري للأجر الحقيقي الذي تقاضاه العامل خلال الاثني عشر شهراً السابقة لانتهاء خدمته.,يعتمد لحساب المكافأة المتوسط الشهري الذي تقاضاه العامل فعلاً خلال الاثني عشر شهراً السابقة لانتهاء الخدمة.
385,هل يمكن للدائنين الطعن في تصرفات المدين بعد انتهاء الحجر؟,نعم، يمكن للدائنين الطعن في تصرفات المدين بعد انتهاء الحجر وفقا للمواد 366 ومن 368 الى 374.,نعم، يمكن للدائنين الطعن في تصرفات المدين بعد انتهاء الحجر وفقا للمواد 366 و368-374.
4652,ما هو الشرط الذي يجب أن تلتزم به الجنحة الثانية للمتهم وفقا للمادة 102؟,يجب أن تكون الجنحة الثانية مماثلة للجنحة الأولى.,يجب أن تلتزم الجنحة الثانية للمتهم بمدة لا تتجاوز ضعف العقوبة التي تستلزمها جريمته الثانية، على أن لا تتجاوز هذه المدة خمس سنوات.
2037,متى يمكن قبول الشكوى أو الادعاء الشخصي إذا كان المجنى عليه شخصاً معنوياً؟,بعد تقديم طلب خطي من الممثل القانوني للشخص المعنوي أو من ينوب عنه.,يمكن قبول الشكوى أو الادعاء الشخصي بناءً على طلب خطي من الممثل القانوني للشخص المعنوي أو من ينوب عنه.
3799,ما هو تأثير تغيير حصة شريك في الشركة على السجل الخاص بالشركاء؟,يجب تدوين أي تغيير يطرأ على حصة الشريك في الشركة، مع تفاصيله وتاريخ وقوعه، في السجل الخاص بالشركاء.,يُتأثر السجل الخاص بالشركاء بالتغيير.
3846,ما هي البيانات التي يجب أن تتضمنها البند العاشر في النظام الأساسي للشركة المساهمة؟,أسماء الأشخاص الذين سيتولون دعوة الهيئة التأسيسية وإدارة الشركة.,تتضمن البيانات المالية للشركة.
3958,متى يمكن للوزير أن يسمح بتأسيس شركة مساهمة عامة بواسطة مؤسس واحد؟,بناءً على تنسيب مبرر من المراقب.,يمكن للوزير أن يسمح بتأسيس شركة مساهمة عامة بواسطة مؤسس واحد بناءً على تنسيب مبرر من المراقب.
4575,ما هي النتيجة القانونية لوقوع التقادم في قضية جنائية؟,يؤدي وقوع التقادم إلى سقوط الحق في متابعة الجناية وتوقف الإجراءات القضائية ضد المتهم.,تسقط الأحكام الجزائية وتمنع تنفيذها أو تؤجل صدورها.
1010,ماذا ينص المادة 1026 من النصوص القانونية؟,تنص المادة 1026 على أنه إذا كان لأحد ملك يتصرف فيه تصرفاً مشروعاً فاحدث غيره بجواره بناء تضرر من الوضع القديم، فليس للمحدث أن يدعي التضرر من ذلك.,تنص المادة 1026 على أنه إذا كان لاحد ملك يتصرف فيه تصرفاً مشروعاً فاحدث غيره بناء تضرر من الوضع القديم فليس للمحدث أن يدعي التضرر من ذلك وعليه أن يدفع الضر
2409,ما يُسمح للمحكمة فعله في حالة اعتراف المتهم بالتهمة؟,يُجوز للمحكمة الاكتفاء باعترافه وتحكيم عليه بالعقوبة المناسبة.,يُسمح للمحكمة بالتحكم بالعقوبة التي تستلزمها الجريمة.
1117,ما هو تأثير العمل القانوني الذي يصدر من شخص في مرض الموت ويكون مقصوداً به التبرع؟,يُعتبر التصرف مضافاً إلى ما بعد الموت وتسري عليه أحكام الوصية.,يعتبر التصرف مضافا الى ما بعد الموت وتسري عليه أحكام الوصية.
4083,ما هو محتوى التقرير الذي يجب أن يقدمه مجلس إدارة الشركة المساهمة العامة كل ستة أشهر؟,يجب أن يتضمن التقرير المركز المالي للشركة ونتائج أعمالها وحساب الأرباح والخسائر وقائمة التدفق النقدي والإيضاحات المتعلقة بالبيانات المالية.,يجب أن يتضمن التقرير المركز المالي للشركة ونتائج أعمالها وحساب الأرباح والخسائر وقائمة التدفق النقدي والإيضاحات المتعلقة بالبيانات المالية.
3734,ما يحدث اذا قبل الوزير الاعتراض على تقرير اللجنة؟,يتم رفض تسجيل الشركة إلا إذا عاد الشركاء ووافقوا على التقييم.,يُطلب من الوزير البت في الاعتراض خلال أسبوعين.
2900,ما هي الإجراءات التي يجب اتباعها إذا رأت المحكمة نقصًا في التقرير القانوني المقدم؟,يمكن للمحكمة أن تقرر إعادة التقرير للخبير لاكمال ما ترى فيه من نقص، أو تعهد بالمهمة إلى خبير آخر أو أكثر حسب الأصول.,يجب على المحكمة من تلقاء نفسها أو بناءً على طلب أحد الخصوم دعوة الخبير أو الخبراء للمناقشة ويمكن لها أن تقرر اعادة التقرير إليهم لإكمال ما ترى فيه من نقص أو تعهد بالمهم
1822,من يقوم بتعيين البنك الذي تودع فيه النقابة أموالها؟,يعين البنك الذي تودع فيه النقابة أموالها الاتحاد العام لنقابات العمال.,الاتحاد العام لنقابات العمال.
864,ما الذي يضمنه الوكيل بموجب المادة 866؟,الوكيل يضمن تنازله عن التوكيل في وقت غير مناسب أو بغير مبرر من ضرر للموكل إذا كانت الوكالة باجر.,يضمن الوكيل ما ينجم عن تنازله عن التوكيل في وقت غير مناسب أو بغير مبرر من ضرر للموكل اذا كانت الوكالة باجر.
1353,ما هي الأحكام التي تسريها المادة 1381 من القانون المدني الأردني على رهن المال الشائع؟,تسري على رهن المال الشائع أحكام الرهن التاميني المنصوص عليها فيها.,تسري على رهن المال الشائع أحكام الرهن التاميني المنصوص عليها في القانون المدني الأردني لسنة 1960.
3965,من هو الشخص المسؤول عن توقيع عقد تأسيس الشركة؟,يوقع كل مؤسس عقد التأسيس أمام المراقب أو من يفوضه خطياً.,يجب أن يوقع عقد تأسيس الشركة ونظامها الأساسي من كل مؤسس أمام المراقب أو من يفوضه خطيا بذلك.
3122,من هم المكلفون بتنفيذ أحكام القانون وفقاً للمادة 225؟,رئيس الوزراء والوزراء مكلفون بتنفيذ أحكام هذا القانون.,رئيس الوزراء والوزراء.
3381,من يحق له قرار وقف السير في معاملات التنفيذ؟,يحق للرئيس قرار وقف السير في معاملات التنفيذ عند المرحلة التي وصلت إليها بعد تقديم طلب الوقف وتأييده بالأوراق المطلوبة.,يحق للرئيس قرار وقف السير في معاملات التنفيذ.
2049,في أي حالة يجوز تقديم دعوى الحق العام أمام القضاء الأردني؟,يجوز تقديم دعوى الحق العام أمام القضاء الأردني إذا ارتكبت الجريمة بوسائل إلكترونية خارج المملكة.,يمكن تقديم دعوى الحق العام أمام القضاء الأردني إذا ارتكبت الجريمة بوسائل الكترونية خارج المملكة وترتبت آثارها في المملكة.
1145,ما هو الشرط الأساسي الذي يجب توفره في البيع الذي تثبت فيه الشفعة؟,يجب أن يكون العقار مملوكاً أو منقولاً في نطاق الأحكام التي يقضي بها القانون.,يجب أن يكون البيع عقاراً مملوكاً أو منقولاً في نطاق الأحكام التي يقضي بها القانون.
5149,ما هي العقوبة المحتملة للجناة في حالة حدوث سلب بالصورة الموصوفة في الفقرة الثانية وتسبب في رضوض أو جروح نتيجة العنف؟,يُعاقب الجناة بالأشغال المؤبدة.,يُعاقب بالأشغال المؤبدة إذا حصل فعل السلب بالصورة الموصوفة في الفقرة الثانية وتسبب عن العنف رضوض أو جروح.
4777,ما هو العقاب المحدد للموظف الذي يتهاون في أداء واجباته دون سبب مشروع؟,الغرامة من عشرة دنانير الى خمسين دينارا أو الحبس من أسبوع واحد الى ثلاثة أشهر.,يُعاقب بالغرامة من عشرة دنانير إلى خمسين دينارا أو بالحبس من أسبوع واحد إلى ثلاثة أشهر.
1626,ما هي الحالة التي يمكن للعامل ترك العمل فيها بسبب تخفيض أجره؟,يمكن للعامل ترك العمل في حالة تخفيض أجره وفقاً لأحكام القانون.,عند تخفيض أجره دون مراعاة أحكام المادة 14 من القانون.
4460,ما هو تصنيف البنوك وشركات التأمين وفقًا للمادة 276 ب؟,تستثنى البنوك وشركات التأمين من أحكام المادة المذكورة.,البنوك وشركات التأمين.
4568,ما هي الحالة التي يُجيز فيها مصادرة الأشياء التي كانت معدة لارتكاب جناية؟,يُجيز مصادرة الأشياء التي كانت معدة لارتكاب جناية مقصودة.,يُجوز مصادرة الأشياء التي كانت معدة لارتكاب جناية أو جنحة مقصودة.
1664,ما الذي يحكم تشكيل اللجنة الثلاثية وعملها؟,الأحكام والإجراءات المتعلقة بكيفية تشكيلها وعملها.,يحكم تشكيل اللجنة الثلاثية وعملها بموجب النظام الذي يصدر لهذه الغاية.
2683,متى يسري النص المعدل للاختصاص على الدعاوى؟,يسري النص المعدل للاختصاص على الدعاوى بعد ختام المحاكمة في الدعوى.,يسري النص المعدل للاختصاص على الدعاوى إذا كان تاريخ العمل به بعد ختام المحاكمة في الدعوى.
5616,ما يمكن للمحكمة فعله في حالة عدم استكمال المعترض إجراءات تقديم بيناته الدفاعية؟,تسمح له بإكمالها.,يمكن للمحكمة رد الاعتراض شكلاً.
4170,كيف يعتبر الاجتماع الثاني للهيئة العامة قانونيًا؟,يعتبر الاجتماع الثاني قانونيًا بغض النظر عن عدد الأسهم الممثلة فيه.,يعتبر الاجتماع الثاني قانونياً مهما كان عدد الأسهم الممثلة فيه.
356,ما هي الوسيلة المشروعة لحماية التنفيذ وفق المادة 365؟,ضمان أموال المدين للوفاء بديونه ومساواة جميع الدائنين في هذا الضمان.,الوسيلة المشروعة لحماية التنفيذ وفق المادة 365 هي أموال المدين جميعها التي تكون ضامنة للوفاء بديونه.
5045,ما هي العقوبة المقررة لمن يقوم بإجهاض حامل وهو على علم بحملها؟,يُعاقب بالأشغال المؤقتة لمدة لا تزيد على عشر سنوات.,عوقب بالأشغال المؤقتة مدة لا تزيد على عشر سنوات.
192,ما هو الشرط الذي يجب تحققه ليكون الشخص قادرا على تنفيذ الحقوق باسمه لصالح الغير؟,يجب أن يكون للشخص مصلحة شخصية مادية أو ادبية في تنفيذ تلك الحقوق.,يجب أن يكون الشخص له مصلحة شخصية مادية أو أدبية في تنفيذ الحقوق التي اشترطها لمصلحة الغير.
2203,ما هي الإجراءات التي يمكن اتخاذها من قبل المدعي العام في حال عدم حضور المشتكى عليه؟,يمكن للمدعي العام إصدار مذكرة إحضار بحق المشتكى عليه في حال عدم حضوره أو في حال خشية فراره.,يمكن للمدعي العام إصدار مذكرة إحضار على المشتكى عليه في حال عدم حضوره أو خشيه فراره.
1104,ما هو حكم المادة 1116 من القانون المدني الأردني؟,تنص المادة 1116 على أنه إذا اختص أحد الورثة بدين للتركة، فلا يضمن باقي الورثة لهذا الدين إذا أصبح الورثة الآخرين مدينين ولم يتفقوا على ذلك.,حكم المادة 1116 هو أن باقي الورثة لا يضمنون له المدين إذا هو افلس أو اعسر بعد القسمة إلا إذا اتفق على غير ذلك.
4599,ما هي تعريف النية وفق المادة 63؟,النية هي إرادة ارتكاب الجريمة على ما عرفها القانون.,النية هي إرادة ارتكاب الجريمة على ما عرفها القانون.
897,ما هي التزامات الحارس وفقا للمادة 903؟,يلتزم الحارس بإيفاء ذوي الشأن بالمعلومات الضرورية وتقديم الحساب عن تنفيذ مهمته.,يجب على الحارس أن يوافي ذوي الشان بالمعلومات الضرورية التي تتعلق بتنفيذ مهمته، وأن يقدم الحساب عنها في المواعيد المحددة.
3761,ماذا يمكن للمراقب فعله إذا لم تتم مراعاة الأصول المبينة في القانون؟,يمكن للمراقب عدم اعتماد محضر الاجتماع والقرارات.,يمكن للمراقب عدم اعتماد محضر الاجتماع والقرارات الصادرة عنه.
420,ما هي آثار تعدد طرفي التصرف التضامن بين المدينين؟,تعدد طرفي التصرف التضامن بين المدينين يندرج ضمن آثار الحق الفصل في الباب الثاني.,تعدد طرفي التصرف التضامن بين المدينين يؤدي إلى أن يرجع الباقي المدينين على المدين الذي ابرا الدائن بنصيبه في حصة المعسر.
1032,ما الشرط الوحيد الذي يجيز الرجوع عن القسمة بعد تمامها؟,الشرط الوحيد الذي يجيز الرجوع عن القسمة بعد تمامها هو رضاء جميع الشركاء على فسخ القسمة.,يجوز لجميع الشركاء فسخ القسمة واقالتها برضائهم واعادة المقسوم مشتركاً بينهم كما كان.
4131,ما هي المخالفات التي يمكن أن ترتكبها رئيس وأعضاء مجلس الإدارة لأنظمة الشركة؟,مخالفة رئيس وأعضاء مجلس الإدارة لأنظمة الشركة يمكن أن تشمل الإجراءات التي تتنافى مع سياسات الشركة أو تتجاوز صلاحياتهم المحددة.,يمكنهم مخالفة الأنظمة المحددة للشركة، بما في ذلك القواعد المتعلقة بتعيين الرئيس والمدير العام والسلطات المخولة لهم.
3850,ما الذي يجوز للشركة فعله بالنسبة لأنواع الأسهم وخيارات المساهمة؟,يجوز للشركة إصدار عدة أنواع وفئات من الأسهم وخيارات المساهمة.,يجب تضمينها أو ملخص عنها على شهادات الأسهم.
4924,ما هي الجريمة المعنية في الفصل الثاني من المادة؟,التزوير في المصدقات الكاذبة.,المصدقات الكاذبة.
3098,ما الحق الذي يبقى للغير وفقاً للمادة 208؟,الحق في الاعتراض على الحكم، ما لم يسقط حقه بالتقادم.,يجب أن يبقى للغير الحق في الاعتراض على الحكم ما لم يسقط حقه بالتقادم.
4485,ما هي صفة الاستعجال لدى المحاكم المختصة للقضايا الحقوقية والجزائية المتعلقة بالشركات؟,الاستعجال.,تعطى القضايا الحقوقية والجزائية المتعلقة بالشركات صفة الاستعجال لدى المحاكم المختصة.
1239,ما هي الشروط الضرورية لصحة التحكير؟,يجب أن يكون التحكير لضرورة أو مصلحة محققة للوقف، ويجب الحصول على إذن من المحكمة المختصة وتسجيله في دائرة التسجيل.,يجب أن يتم التحكير بإذن من المحكمة المختصة ويسجل في دائرة التسجيل بعد ذلك.
1966,ما هو الحد الأقصى للغرامة لمن يقوم بإدخال المواد المخدرة إلى إقليم المملكة؟,ثلاثين ألف دينار.,لا تزيد على ثلاثين ألف دينار.
1564,"ما المقصود بـ ""المرض المهني"" وفق هذا القانون؟",الاصابة بأحد الأمراض الصناعية المبينة في الجدول رقم (1) أو الاصابة بأي من الاصابات المهنية المبينة في الجدول رقم (2).,الاصابة بأحد الأمراض الصناعية المبينة في الجدول رقم (1) أو بأي من الاصابات المهنية المبينة في الجدول رقم (2) الملحقين بهذا القانون.
756,هل تسري أحكام عقد الإيجار على إجارة الوقف؟,نعم، تسري أحكام عقد الإيجار على إجارة الوقف في كل ما لا يتعارض مع النصوص السابقة.,تسري أحكام عقد الإيجار على إجارة الوقف في كل ما لا يتعارض مع النصوص السابقة.
3302,ما هي المادة التي تنص على توقيع حكم التحكيم؟,المادة 41 أ.,المادة 41.
3296,هل يمكن لهيئة التحكيم تمديد مدة اصدار الحكم بدون اتفاق الطرفين؟,نعم، يجوز لهيئة التحكيم تمديد مدة اصدار الحكم دون اتفاق الطرفين.,نعم، يمكن لهيئة التحكيم تمديد مدة اصدار الحكم دون اتفاق الطرفين.
2094,ما هو شرط حفظ الأشياء المضبوطة بواسطة النيابة العامة؟,يجب حزم الأشياء المضبوطة في حالة كانت عليها وتوضع في وعاء إن اقتضت طبيعتها ذلك مع ختمها بخاتم رسمي في الحالتين.,يجب حفظ الأشياء المضبوطة بواسطة النيابة العامة في حالة كانت عليها، وتختمها بخاتم رسمي.
4171,ما هي صلاحية الهيئة العامة للشركة المساهمة العامة؟,تشمل صلاحيتها في اجتماعها النظر في جميع الأمور المتعلقة بالشركة واتخاذ القرارات المناسبة.,تتضمن صلاحية الهيئة العامة النظر في جميع الأمور المتعلقة بالشركة ومناقشتها واتخاذ القرارات المناسبة بشأنها.
4999,ما هي العقوبة المحددة في المادة 310 لمن يقود أنثى دون العشرين من العمر ليواقعها شخص مواقعة غير مشروعة؟,الحبس من ستة أشهر إلى ثلاث سنوات وغرامة من 200 دينار إلى 500 دينار.,الحبس من ستة أشهر إلى ثلاث سنوات وبغرامة من مائتي دينار إلى خمسمائة دينار.
2430,ما الإجراء الذي يتخذه المتهم إذا أراد إثبات دفاعه بشهود أو بينات أخرى؟,يجب عليه تقديم قائمة بيناته خلال شهر.,يجب على المتهم تقديم قائمة بيناته خلال شهر من تاريخ إعطاء الإفادة.
3620,ما هي المدة التي يجب أن تقوم الشركة خلالها بطلب تسجيل التغيير بعد إجرائه؟,يجب على الشركة طلب تسجيل التغيير خلال سبعة أيام من إجرائه، وذلك بعد دفع الرسوم المقررة عنه ونشره في الجريدة الرسمية وصحيفة محلية على نفقة الشركة.,يجب أن تقوم الشركة بطلب تسجيل التغيير لاسمها أو التعديل الذي أدخلته عليه في السجل الخاص بشركات التضامن خلال سبعة أيام من إجرائه بعد استيفاء الرسوم المقررة عنه.
5608,من يحق له الاستئناف بموجب المادة 14 من القانون؟,النيابة العامة والمدعي الشخصي والمحكوم عليه المسؤول بالمال.,النيابة العامة والمدعي الشخصي والمحكوم عليه المسؤول بالمال.
116,ما هي صلاحية المحكمة بخصوص الحجر على الصغير بعد الإذن؟,للمحكمة بعد الإذن أن تعيد الحجر على الصغير.,يمكن للمحكمة بعد الإذن أن تعيد الحجر على الصغير.
3310,ماذا يحدث إذا أوقفت الهيئة التحكيمية الإجراءات أثناء التحكيم؟,يترتب على ذلك وقف سريان الموعد المحدد لإصدار حكم التحكيم.,توقف الإجراءات حتى يصدر حكم قطعي في الشأن المذكور.
38,من يعتبر من ذوي القربى وفقاً للمادة 34؟,كل من يجمعهم أصل مشترك.,ذوي القربى هم الذين يجمعهم أصل مشترك وفقاً للمادة 34.
4484,ما هي الفقرة النهائية للمادة 283؟,تتضمن أحكام ختامية للتنظيمات القانونية المتعلقة بالتمثيل أمام المحاكم.,تحدد الأحكام الختامية للمادة 283.
1285,ما هو الحظر الذي يفرضه قانون المادة 1303 على مالك الأرض العالية؟,قانون المادة 1303 يمنع مالك الأرض العالية من القيام بأي عمل يزيد من عبء الأرض المنخفضة التي تتلقى السيل الطبيعي.,لا يجوز لمالك الأرض المنخفضة أن يقيم سداً لمنع السيل الطبيعي من الأراضي العالية.
3474,متى يُعتبر افتتاح المزايدة؟,من تاريخ اليوم التالي للاعلان.,يُعتبر افتتاح المزايدة من تاريخ اليوم التالي للاعلان.
1419,ما هي الفصول التي يندرج تحتها المادة 1445 في القانون؟,المادة 1445 تندرج ضمن الباب الثالث- التوثيق العيني بنص القانون (حقوق الامتياز) الفصل الثاني- أنواع الحقوق الممتازة.,تندرج تحتها المادة 1445 في القانون الفصل الثاني من الفصل الثاني من الباب الثالث.
5038,ما هي الإجراءات التي يمكن للشاكي اتخاذها إذا قرر التنازل عن شكواه قبل حصول الحكم الدرجة القطعية؟,يحق للشاكي التنازل عن شكواه حتى يحصل الحكم الدرجة القطعية.,يمكن للشاكي أن يتنازل عن شكواه حتى تصبح الحكم الدرجة القطعية، وفي هذه الحالة تسقط دعوى الحق العام.
3139,ماذا يعني الحديث عن أسناد التجارية في هذه المادة؟,الحديث عن أسناد التجارية يشير إلى أن هذه المادة لا تنطبق على الوثائق التجارية، حتى لو كانت موقعة من قبل أطراف غير تجارية.,يعني الحديث عن أسناد التجارية في هذه المادة أن هذه السندات لا تكون حجة على الغير إلا إذا كانت موقعة أو مظهرة من التجار لسبب مدني.
5802,ما الجهة المسؤولة عن تنفيذ الاحكام التأديبية ضد المحامين؟,تنفذ الأحكام التأديبية ضد المحامين بواسطة النيابة العامة.,تنفذ الاحكام التأديبية ضد المحامين بواسطة النيابة العامة.
4146,هل يُسمح بتوزيع مكافأة في حال كانت الشركة في مرحلة التأسيس ولم تحقق أرباحاً بعد؟,نعم، يُسمح بتوزيع مكافأة بحد أقصى لا يتجاوز الف دينار لكل عضو.,نعم، يجوز توزيع مكافأة سنوية بمعدل لا يتجاوز الف دينار لكل عضو حتى تُحقِق الشركة أرباحاً.
467,متى يبدأ الأجل في حال كان الثمن مؤجلاً أو مقسطاً؟,يبدأ الأجل من تاريخ تسلم المبيع.,يبدأ الأجل من تاريخ تسلم المبيع.
5225,كم تبلغ الحد الأدنى والحد الأقصى للغرامة المفروضة على من يقوم بتدمير الممتلكات وفقاً للمادة 443؟,الحد الأدنى للغرامة هو مائة دينار، والحد الأقصى هو خمسمائة دينار.,يبلغ الحد الأدنى 100 دينار ويبلغ الحد الأقصى 500 دينار.
725,ما هو المضمون الرئيسي للمادة 740 من القانون المدني الأردني؟,توزيع المسؤوليات والنفقات بين المساقي وصاحب الشجر.,المادة 740 من القانون المدني الأردني تتناول الأعمال والنفقات التي تحتاج اليها المساقاة وتحدد الأحكام المتعلقة بها.
1591,ما يحدث إذا استمر العامل في تنفيذ عقد العمل لمدة محدودة بعد انقضاء مدته؟,يُعتبر ذلك تجديدًا للعقد لمدة غير محدودة من بداية الاستخدام.,يعتبر تجديدًا لمدة غير محدودة.
3481,ما هي الإجراءات التي يجب اتخاذها من قبل المدين خلال ثلاثين يوما من تاريخ الإحالة القطعية؟,يجب على المدين أن يودع في صندوق الدائرة مبلغًا يكفي لوفاء الديون والفوائد والنفقات للدائن والدائنين الآخرين.,يجب على المدين أن يودع في صندوق الدائرة مبلغا يكفي لوفاء الديون والفوائد والنفقات خلال ثلاثين يوما من تاريخ الإحالة القطعية.
4443,ما هو الشرط الذي يمكن لأي متضرر من أعمال المصفي وإجراءاته أن يطعن فيه؟,يمكن لأي متضرر من أعمال المصفي وإجراءاته أن يطعن فيها لدى المحكمة التي يمكنها تأييدها أو إبطالها أو تعديلها.,يمكن لأي متضرر من أعمال المصفي وإجراءاته أن يطعن في أعمال المصفي وإجراءاته لدى المحكمة التي لها أن تؤيدها أو تبطلها أو تعدلها.
1931,ما هي العقوبة المفروضة على من يقاوم المكلفين بتنفيذ أحكام القانون والأنظمة؟,الحبس لا تقل عن سنة وغرامة لا تقل عن خمسمائة دينار ولا تزيد على ألف دينار.,الحبس لمدة لا تقل عن سنة وغرامة لا تقل عن خمسمائة دينار.
3713,ما الذي يحدده القانون في المادة 52 بخصوص عقد شركة المحاصة؟,يحدد القانون حقوق الشركاء في الشركة والالتزامات المترتبة عليهم تجاه الشركة وتجاه بعضهم.,يحدد عقد شركة المحاصة حقوق الشركاء والالتزامات المترتبة عليهم تجاه الشركة وتجاه بعضهم بما في ذلك كيفية توزيع الأرباح والخسائر بينهم.
5210,ما هي المضاربات التي ينظمها القانون ويعاقب على مخالفتها؟,المضاربات الغير مشروعة، مثل تعطيل أو عرقلة حرية المزايدة العلنية المتعلقة بالبيع، الشراء، التأجير، الالتزامات، أو التعهد.,المضاربات غير المشروعة هي المضاربات التي ينظمها القانون ويعاقب على مخالفتها.
4561,كم يوما يستمر يوم العقوبة وفقا للمادة 40؟,يوم العقوبة يستمر لمدة أربع وعشرون ساعة.,يستمر يوم العقوبة أربع وعشرون ساعة وفقا للمادة 40.
1499,ما هي العقوبة المقررة لمن ينشئ أو يدير موقعاً إلكترونياً بدون تصريح؟,يُعاقب بالحبس لا يقل عن سنتين وبغرامة لا تقل عن 10000 دينار ولا تزيد على 30000 دينار.,الحبس لمدة لا تقل عن سنتين وغرامة لا تقل عن 10000 دينار ولا تزيد على 30000 دينار.
3513,ما يجب على الدائرة فعله بالمبالغ التي تحصل من المدين بالاستناد إلى سند تنفيذي؟,قيدها في محضر التنفيذ ودفتر اليومية لحساب الدائن.,يجب على الدائرة قيد المبالغ التي تحصل من المدين في محضر التنفيذ وودفتر اليومية لحساب الدائن.
2503,ما هو النتيجة القانونية عندما تقضي المحكمة بفسخ الحكم بسبب عدم وجود جرم أو بينة كافية؟,النتيجة القانونية هي عدم مسؤولية المحكوم عليه.,تقرر عدم مسؤولية المحكوم عليه في الحالة الأولى والثانية وبراءته في الحالة الثالثة.
4276,ما هي العمليات المسموح بها للشركة القابضة وفقاً للمادة 205؟,المسموح للشركة القابضة هو إدارة الشركات التابعة، واستثمار الأموال، وتقديم القروض، وتملك الحقوق المعنوية مثل براءات الاختراع والعلامات التجارية.,يمكن للشركة القابضة إدارة الشركات التابعة لها، استثمار أموالها في الأسهم والسندات، تقديم القروض والكفالات، تملك براءات الاختراع، وتأجيرها للشركات التابعة لها أو لغيرها.
4899,ما هي الجرائم التي تتعلق بالمسكوكات والتي تُعاقب عليها بالأشغال؟,تتعلق الجرائم بطلاء القطع المعدنية بالذهب أو الفضة، ووضع قطع معدنية لتسهيل صنع سك، ودخول مسكوكات زائفة إلى المملكة، وصنع قوالب لنقش يحاكي نقوش السك، وصنع آلات لقطع أقراص من المعادن.,الجرائم المتصلة بالمسكوكات التي تتعلق بالمسكوكات الذهبية والفضية الزائفة.
3961,ما هي العلاقة بين ذمة المساهم في الشركة المساهمة العامة وذمة الشركة نفسها؟,ذمة المساهم مستقلة عن ذمة الشركة، حيث تكون الشركة مسؤولة عن ديونها والالتزامات المالية الخاصة بها.,يُعتبر ذمة المساهم في الشركة المساهمة العامة مستقلة عن ذمة الشركة نفسها، وتكون الشركة مسؤولة عن الديون والالتزامات المترتبة عليها.
4867,ما العقوبة المقررة على الشخص الذي كان موقوفا بصورة قانونية من أجل جريمة وهرب؟,الحبس لمدة لا تزيد على ثلاث سنوات إذا كان موقوفا بجناية، ولمدة لا تزيد على سنة واحدة أو بغرامة لا تزيد على خمسين دينارا إذا كان موقوفا بجنحة.,يعاقب بالحبس لمدة لا تزيد عن ثلاث سنوات إذا كان موقوفا بجناية.
