id,question,ground_truth,llama3.1_instruct
2969,متى يُقبل طلب الرد؟,يُقبل طلب الرد إذا تم تقديمه قبل الدخول في الدعوى أو المحاكمة.,يُقبل طلب الرد بتقديم استدعاء إلى رئيس محكمة البداية إذا كان المطلوب رده قاضي صلح أو أحد قضاة المحكمة البدائية أو إلى رئيس محكمة الاستئناف إذا كان قاضي استئناف أو رئيس
2284,ما هو الإجراء الذي يجوز اتخاذه حتى مع وقف الدعوى وفقاً للمادة 140؟,يجوز اتخاذ الإجراءات والتدابير الضرورية أو المستعجلة مثل التوقيف وإخلاء السبيل حتى مع وقف الدعوى.,"الإجابة الصحيحة هي: أن توقف الدعوى.  
لأن المادة 140 من قانون الاختصاصات تنص على أن يجوز للمحكمة وقف الدعوى حتى يتم الفصل في دعوى أخرى. وتحدد المادة 140 في فقرتها"
3177,ما هو دور المحكمة وفقًا للمادة 34؟,دور المحكمة وفقًا للمادة 34 هو ترجيح البينة بين الأدلة والشهادات في الدعوى.,ينبغي للمحكمة أن ترجح بينة على أخرى وفاقاً لما تستخلصه من ظروف الدعوى، كما لا يجوز لها أن تصدر حكما في أية قضية بالاستناد الى شهادة شاهد فرد إلا إذا لم يعترض عليها ال
3536,ما هو شرط العفو من العقوبة المقررة للجرائم التي يكون محلها مالا عاما؟,التبليغ عن الجريمة قبل اكتشافها ورد المال محل الجريمة.,يجب أن يكون التبليغ قبل اكتشاف الجريمة. إذا حصل التبليغ بعد اكتشاف الجريمة وقبل صدور الحكم النهائي بها، فيجب على المحكمة أن تقضي بالحد الأدنى للعقوبة ويجب عليها أخ
1398,ما هي الاستثناءات من المصروفات التي يمكن تغطيتها بمستحقات الامتياز؟,المصروفات القضائية.,"يستوفى الامتياز من ثمن الاموال المتعلقة بالامتياز في أي يد كانت قبل أي حق آخر عدا المصروفات القضائية. 

الجواب هو: 
الاستثناءات من المصروفات التي يمكن تغطيتها بمستحقات الامتي"
1244,متى ينتهي حق الحكر طبقاً للمادة 1260؟,ينتهي حق الحكر بحلول الأجل المحدد له.,ينتهي حق الحكر بحلول الأجل المحدد له أو بموت المحتكر أو استبداله أو نزع ملكيته للمصلحة العامة. يُحدد الأجل في المادة 1260. ويُستثنى من ذلك إذا طلب جميع الورث
1628,ما يلزم صاحب العمل عند انتهاء خدمة العامل؟,يلزم صاحب العمل إعطاء العامل شهادة خدمة ورد ما أودعه العامل لديه.,يجب على صاحب العمل عند انتهاء خدمة العامل أن يعطي له شهادة خدمة تضم اسم العامل و نوع عمله وتاريخ التحاقه بالخدمة وتاريخ انتهاء الخدمة. كما يلزمه برد ما أودعه العامل لديه من أوراق
4809,ما هي السياقات التي تجعل الذم أو القدح مشروعا؟,عندما يتعلق الأمر بصحيح ويعود بالفائدة على المصلحة العامة.,"حسناً. لكي تكون الذم أو القدح مشروعا، يجب أن يفي النشر بالشروط المحددة في المادة 198 من قانون العقوبات في الأردن. هذه الشروط هي:
1- أن يكون موضوع الذم أو القدح صحيحا ويع"
2931,ما هي الحالات التي يُسمح فيها لذوي المصلحة بالدخول في دعوى قضائية؟,يُسمح لذوي المصلحة بالدخول في دعوى قضائية إذا كانوا يرغبون في الانضمام إلى أحد الخصوم أو يرغبون في طلب حكم لأنفسهم.,"حسناً. من خلال المادة 114 في قانون المادة 114 في قانون الدعاوى القضائية 2008، يُسمح لذوي المصلحة بالدخول في دعوى قضائية في الحالات التالية:
1. يمكن لذي المصلحة أن"
2162,كيف يتم تنفيذ الاستنابة وإرسال محضرها وفقا للمادة 80؟,يتم تنفيذ الاستنابة وإرسال محضرها الى المدعي العام المستنيب على المدعي العام المستناب وفقا للمادة 80.,"تتم تنفيذ الاستنابة وإرسال محضرها عن طريق المدعي العام المستناب، وفقاً للمادة 80، حيث يسمع الشهود، ويتم إرسال محضر الاستنابة إلى المدعي العام المستناب. 

هذا الإجابة ي"
1221,ما هو تأثير زوال البناء أو الغراس على حق المساطحة؟,لا ينتهي حق المساطحة بزوال البناء أو الغراس قبل انتهاء المدة.,"لا ينتهي حق المساطحة بزوال البناء أو الغراس قبل انتهاء المدة.

### Explanation:
حسناً. في المادة 1231 من قانون الأراضي في الأردن، يتم تأكيد أن حق المساطحة لا ينتهي بزوال"
5512,ما هي العقوبات المترتبة على الأفراد الذين يخالفون أحكام المادة 54؟,يتم اتخاذ إجراءات قانونية ضدهم وفقا لأحكام المواد 46 و47 و49 و50 و51 من القانون.,"الجواب هو: العقوبات المترتبة على الأفراد الذين يخالفون أحكام المادة 54 هي:
- السجن لمدة لا تقل عن سنة ولا تزيد على خمس سنين مع الغرامة من (500) إلى (5000) دينار.
- الغ"
5316,ما هي المدن التي تشكل محاكم استئناف فيها وتعين لكل منها رئيس وقضاة؟,تشكل محاكم استئناف في عمان واربد ومعان، وتعين لكل منها رئيس وعدد من القضاة.,المدن التي تشكل محاكم استئناف فيها وتعين لكل منها رئيس وقضاة هي عمان، أردن، معان.   وتعين لكل منها رئيس وقضاة.    وتشكل محاكم استئناف في كل من هذه المدن.    وتعين
3364,متى يلزم الدائن بإثبات وجود التركة في يد الورثة؟,يلزم الدائن إثبات وجود التركة في يد الورثة بدعوى أصلية إذا انكر الورثة ملكية أموال التركة.,"ب. اذا انكر الورثة إيلولة أموال التركة، كلها أو بعضها، اليهم ولم يتمكن الدائن من اثبات ذلك بأوراق رسمية. 
يجب على الدائن اثبات وجود التركة في يد الورثة بيدعوى"
4785,ماذا يحدث إذا كانت أعمال العنف تستوجب عقوبة أشد من تلك المنصوص عليها في المواد السابقة؟,يضاف إلى العقوبة التي يستحقها الفاعل من الثلث إلى النصف.,"إذا كانت أعمال العنف تستوجب عقوبة أشد من تلك المنصوص عليها في المواد السابقة، يضاف إلى العقوبة التي يستحقها الفاعل بمقتضى أحكام هذا القانون من الثلث إلى النصف. 

مثال: إذا كان الفاع"
4709,كيف يتم تحديد إذا كانت العملية المصرفية لها علاقة بنشاط إرهابي؟,يتم التحقيق في القضية وإذا ثبت للمدعي العام أن للعملية العلاقة بنشاط إرهابي يتم إحالة القضية إلى المحكمة المختصة.,"يتم تحديد إذا كانت العملية المصرفية لها علاقة بنشاط إرهابي عن طريق إجراءات محددة، تشمل:
1.  منع التصرف بالأموال من قبل المدعي العام حتى استكمال التحقيق.
2.  تنسيق المدعي العام مع"
5254,ما هي الممارسات المحظورة التي يجرمها القانون فيما يتعلق بنظام المياه؟,التنقيب بدون إذن، الحفريات العميقة، النزع من الضفاف، التعدي على حدود المياه، ومنع جري المياه العمومية.,تجرم المادة 455 من قانون العقوبات في نظام المياه في الأردن القيام بأعمال التنقيب عن المياه الكائنة تحت الأرض أو المتفجرة أو حصرها، أو إجراء حفريات تبعد عن حد ضفاف مجاري المياه ومع
3005,ما هي الأسباب التي قد تدفع المحكمة لإصدار مذكرة بحظر مغادرة البلاد؟,الأسباب تشمل تصرف المدعى عليه بجميع أمواله، أو هروبها خارج البلاد، أو نية المغادرة بغرض تأخير دعوى الخصم.,"قد تدفع المحكمة لإصدار مذكرة بحظر مغادرة البلاد إذا اقتنعت بوجود أسباب كالآتي:
- تصرف المدعي أو المدعى بجميع أمواله أو هربها خارج البلاد.
- وجود رغبة من المدعي أو المد"
661,ما هو الموضوع القانوني الذي يتناوله هذا النص؟,يتناول هذا النص الباب الثاني- عقود المنفعة - القانون المدني الأردني لسنة 1976 الفصل الأول- الإجارة - من القانون المدني الأردني لسنة 1976 المحافظة على الماجور.,الموضوع القانوني الذي يتناوله هذا النص هو الإجارة، والتحديد أكثر في المحافظة على الماجور، ويعني ذلك الحفاظ على حالته أو حالته الأصلية عند إنهاء الإجارة أو عند حدوث أي تغيير في الماجور
1569,هل يمكن لأي قانون آخر أو عقد عمل يمنح العامل حقوقا أفضل من تلك المنصوص عليها في هذا القانون؟,نعم، يمكن لأي قانون آخر أو عقد عمل أو اتفاق يمنح العامل حقوقا أفضل من تلك المنصوص عليها في هذا القانون دون تأثير على حقوقه المقررة في هذا القانون.,"لا يمكن لأي قانون آخر أو عقد عمل يمنح العامل حقوقا أفضل من تلك المنصوص عليها في هذا القانون، وذلك كما هو موضح في المادة 4 من القانون.

وإذا كان العامل يتعاقد أو يتفق على حقوق أفضل من تلك المنصوص عليها"
1513,ما هي الوسائل التي يمكن للأشخاص استخدامها لنشر معلومات عن الأشخاص الذين يتولون تنفيذ أحكام القانون؟,يمكنهم استخدام شبكة معلوماتية، تقنية المعلومات، نظام المعلومات، موقع إلكتروني، منصة تواصل اجتماعي، أو أي وسيلة نشر إلكترونية أخرى.,تستطيع الأشخاص استخدام شبكة المعلومات أو تقنية المعلومات أو نظام المعلومات أو موقع إلكتروني أو منصة تواصل اجتماعي أو أي وسيلة نشر إلكترونية أخرى لنشر معلومات عن الأشخاص الذين يتولون تنفيذ أحكام القانون، إذا كان من
1467,ما هو نتيجة استيلاء شخص على مال مملوك للغير باستخدام بيانات ومعلومات؟,الحبس لمدة ثلاث سنوات وغرامة لا تقل عن 10000 دينار.,"الإجابة الصحيحة هي: 
تكون العقوبة الحبس مدة ثلاث سنين وغرامة لا تقل عن (10000) عشرة آلاف دينار ولا تزيد على (20000) عشرين ألف دينار. 

وذلك وفقاً للمادة 8 ب من قانون"
4966,ماذا يحدث إذا لم تكن الفتاة المجني عليها قد أكملت الثانية عشرة من عمرها؟,يُعتبر الشخص مرتكبا لجريمة الاغتصاب ويُعاقب بالعقوبة المنصوص عليها في القانون.,إذا لم تكن الفتاة المجني عليها قد أكملت الثانية عشرة من عمرها، يعد مرتكبا للجرم المنصوص عليه في الفقرة (2) من المادة (292) من هذا القانون، ويعاقب بالعقوبة المنصوص عليها فيها
5293,ما الدعاوى التي تختص بها غرفة قضائية للنظر في الدعاوى الحقوقية؟,الدعاوى المتعلقة بالعقود، الشركات، الأوراق المالية، التأمين، التجارة، والمزيد.,تنشأ في محكمة البداية غرفة قضائية للنظر في الدعاوى الحقوقية. ويجب أن تضم كل غرفة هيئة واحدة أو أكثر، وفقاً لما يحدده رئيس محكمة البداية، بحسب الحاجة. كما يحد
4137,ما الذي يحظر على رئيس وأعضاء مجلس إدارة الشركة المساهمة العامة؟,يحظر عليهم أن يفشوا معلومات سرية عن الشركة لأي شخص.,يحظر على رئيس وأعضاء مجلس إدارة الشركة المساهمة العامة ومديرها العام أو أي موظف يعمل فيها أن يفشي إلى أي مساهم في الشركة أو إلى غيره أي معلومات أو بيانات تتعلق بالشركة وتعتبر ذات طبيعة سرية بالنسبة لها. هذا الح
3112,ما هو التأثير الذي يترتب على طلب اعادة المحاكمة طبقاً للمادة 217؟,لا يترتب على طلب اعادة المحاكمة وقف تنفيذ الحكم ما لم تقرر المحكمة خلاف ذلك.,"لا يترتب على طلب اعادة المحاكمة طبقاً للمادة 217 وقف تنفيذ الحكم ما لم تقرر المحكمة خلاف ذلك. 
(مادة 217 من قانون الإجراءات الجنائية). 

### Note:
تم إضافة المادة 217 من"
1098,ماذا يتولى وصي التركة بعد تسوية ديونها؟,يتولى وصي التركة بعد تسوية ديونها تنفيذ وصايا المورث وغيرها من التكاليف.,يتولى وصي التركة بعد تسوية ديونها تنفيذ وصايا المورث وغيرها من التكاليف. هذا يعني أن وصي التركة سيتولى إدارة أموال التركة بعد دفع ديونها، ثم يتولى تنفيذ وصايا المور
2099,من الذين يوقعون على الجرم المشهود وفقًا للمادة 38؟,المدعي العام والكاتب والأشخاص المذكورون فيها.,"يوقع المدعي العام والكاتب وال أشخاص المذكورون في المادة 37 على الجرم المشهود.     
المادة 37 في قانون الإجراءات الجنائية في الأردن.     
المادة 37     
الجرم المشهود
الباب الثاني -"
3156,ما هو شرط سحب الورقة أو السند الذي يقدمه الخصم في الدعوى؟,يجوز للخصم سحب الورقة أو السند برضا خصمه وبأذن خطي من رئيس المحكمة بعد تحفظ صورة مصدقة عنه.,لا يجوز سحب الورقة أو السند الذي يقدمه الخصم في الدعوى إلا برضا خصمه وبأذن خطي من رئيس المحكمة بعد أن تحفظ صورة مصدقة عنه في إضبارة الدعوى. هذا الشرط هو شرط
5214,ما يتضمنه العقاب وفق المادة 437 من القانون؟,العقاب يتناول الشروع في ارتكاب الجرائم المنصوص عليها في المادة 430 وما يليها من المواد الواردة في الفصل الرابع، ويشمل الإفلاس والغش إضرارا بالدائن الإفلاس.,يتضمن العقاب وفق المادة 437 من القانون الشروع في ارتكاب الجرائم المنصوص عليها في المادة (430) وما يليها من المواد الواردة في الفصل الرابع. ويشمل ذلك الإفلاس والغش إضرارا بالدائ
1805,ما يمكن للعامل المطالبة به إذا تعرض للفصل التعسفي؟,يمكن للعامل المطالبة بتعويض الفصل التعسفي وأي حقوق أخرى مترتبة له.,إذا تعرض العامل للفصل التعسفي، يمكنه المطالبة بتعويض الفصل التعسفي، بالإضافة إلى تعويض إضافي لا يقل عن أجور ستة أشهر ولا يزيد على اثني عشر شهرا إذا لم يتمكن من العودة إلى عم
5865,ما هي النقطة التي يركز عليها القانون بشكل خاص بخصوص تعيين الاشتراكات والرسوم السنوية وكيفية تحصيلها وتسوية وصرف رواتب التقاعد؟,يركز القانون بصورة خاصة على تعيين الاشتراكات والرسوم السنوية وكيفية تحصيلها وتسوية وصرف رواتب التقاعد.,يُركز القانون بشكل خاص على تعيين الاشتراكات والرسوم السنوية وكيفية تحصيلها وتسوية وصرف رواتب التقاعد. يُشير القانون إلى ضرورة صياغة الانظمة المعمول بها في هذا القانون، ويشدد على أن
3337,ما هي شروط قبول طلب تنفيذ حكم التحكيم؟,يجب أن يكون موعد رفع دعوى بطلان الحكم قد انقضى ويجب تقديم طلب التنفيذ الى محكمة التمييز.,"يجب على الطلبة تقديم طلب التنفيذ إلى محكمة التمييز، يرافق طلب التنفيذ بما يلي:
1- صورة اتفاق التحكيم.
2- اصل الحكم أو صورة موقعة عليه.
3- ترجمة لحكم التحكيم مص"
3660,ما الشرط الوحيد الذي يجب توافره لإمكانية انسحاب الشريك من شركة التضامن؟,يجب تبليغ المراقب والشركاء الآخرين برغبته بالانسحاب كتابياً.,الشرط الوحيد الذي يجب توافره لإمكانية انسحاب الشريك من شركة التضامن هو أن تكون الشركة غير محدودة المدة. إذا كانت شركة التضامن لمدة محدودة، فلا يجوز للشريك الانسحاب منها خلال تلك الم
2841,ما هو تأثير عدم صحة الإفصاح على تقرير الخبرة؟,يبطل تقرير الخبرة في حالة عدم صحة الإفصاح.,"إذاً الإجابة هي: يبطل تقرير الخبرة. 
في حالة عدم الإفصاح، يبطل تقرير الخبرة، ويلزم الخبير برد ما قبضه من أجر. هذا بناء على المادة 83 من قانون المحاكم. 
في"
2639,من يُحال القرار النهائي بشأن إعدام الجاني إليه؟,يحال إلى جلالة الملك بعد اتخاذه من قبل مجلس الوزراء.,يُحال القرار النهائي بشأن إعدام الجاني إلى جلالة الملك. يرفع وزير العدلية أوراق الدعوى مع التقرير إلى رئيس مجلس الوزراء للاحالتها على المجلس. يراع مجلس الوزراء في الأوراق
523,ما هو تأثير عقد المخارجة على حصة البائع الارثية؟,ينقل عقد المخارجة حصة البائع الارثية الى المشتري ويحل محل البائع في استحقاق نصيبه من التركة.,يؤدي عقد المخارجة إلى نقل حصة البائع الارثية إلى المشتري، وبالتالي يعد هذا العقد بمثابة استبدال البائع في استحقاق نصيبه من التركة. يضمن هذا أن الحصة التي ينوي البائع إ
657,ماذا يعني تعدد المستأجرين وكل منهم ضامنًا للاضرار؟,يعني أنه إذا كان هناك أكثر من مستأجر، فإن كل منهم مسؤول عن الأضرار التي تحدث نتيجة لتقصيره أو تعديه.,يُعتبر كل من المستأجرين ضامنًا للاضرار الناشئة عن تعديه أو تقصيره، إذا تعدد المستأجرين في عقد الإجارة. هذا يعني أن كل منهم مسؤول عن أي ضرر يحدث نتيجة لتع
234,ماذا يحدث عندما يجتمع المباشر والمتسبب؟,يضاف الحكم إلى المباشر.,إذا كان المباشر والمتسبب متساويين في الحق في الضمان، يضاف الحكم إلى المباشر، وينعكس هذا في المادة 258 من القانون المدني الأردني لسنة 1976، التي تنص على أن إذا اجتمع المباشر
477,متى لا تسمع الدعوى بفسخ العقد أو انقاص الثمن أو تكملته؟,عندما ينقضي مدة سنة على تسليم المبيع.,لا تسمع الدعوى بفسخ العقد أو انقاص الثمن أو تكملته إذا انقضت سنة على تسليم المبيع، وفقاً للمادة 493. هذا يعني أن إذا كان تسليم المبيع قد وقع سنة أو أكثر، فلا يمكن سماع الد
1767,متى لا تنطبق أحكام الفقرة (أ) من المادة 94؟,عندما تنشأ الإصابة عن حالات تسبب الوفاة أو العجز الدائم بنسبة لا تقل عن 30%.,لا تنطبق أحكام الفقرة (أ) من المادة 94 إلا إذا نشأت الإصابة عن أحد الحالات المنصوص عليها في الفقرة (ب) من نفس المادة، وهي حالات الإصابة التي تنتهي بتوفيق المصاب أو أصابته بع
1608,ما الحق الذي يحصل عليه العامل في حال انهاء صاحب العمل عقد العمل محدد المدة؟,يحق للعامل استيفاء جميع الحقوق والمزايا التي ينص عليها العقد والأجور التي تستحق حتى انتهاء المدة المتبقية.,يستحق العامل في حال انهاء صاحب العمل عقد العمل محدد المدة الأجور التي تستحق حتى انتهاء المدة المتبقية من العقد، كما يحق له استيفاء جميع الحقوق والمزايا التي ينص عليها العقد. وإذا كان إنهاء
3307,ما يعني قرار المحكمة المختصة في حالة الطعن بقرار هيئة التحكيم؟,يكون قرار المحكمة المختصة قطعياً.,في حالة الطعن بقرار هيئة التحكيم، يعني قرار المحكمة المختصة في هذا الصدد أنه يتم إصدار حكم قطعي يحدد مصير الطعن ووضعية القرار المطعون فيه. يعتبر هذا القرار بمثابة حكم نهائي
1258,ما الشرط الذي يتعين تحققه لحفظ حق المالك بين عقارين منفصلين بعد انتقالهما؟,يجب أن يبقى الحق مجرداً وظاهراً بين العقارين دون تغيير في حالتهما.,"يجب أن يبقى الحق المجرد ظاهراً بين العقارين.

### Reasoning:
المادة 1275 تنص على أن حق الملكية المجرد بين عقارين منفصلين يمكن أن يحفظ إذا انتقلت العقاران أو أحدهما إلى أيدي مالكي"
5544,ما هي الدعاوى التي يمكن لمحكمة الصلح النظر فيها بصرف النظر عن قيمتها إذا كانت مرتبطة بالأموال المنقولة؟,دعاوى تقسيم الأموال المنقولة.,يُختص قاضي الصلح بالنظر في الدعاوى والطلبات المتعلقة بدين أو مال منقول أو غير منقول بشرط ألا تتجاوز قيمة المدعى به عشرة آلاف دينار، أو الدعاوى المتقابلة مهما
351,ما هي الحالة الوحيدة التي يعفى فيها المدين من الحاجة إلى اعذار؟,الحالة الوحيدة التي يعفى فيها المدين من الحاجة إلى اعذار هي اذا صرح المدين كتابة انه لا يريد القيام بالتزامه وفقاً للمادة 362.,"لا ضرورة لاعذار المدين في الحالات الآتية:
1. اذا أصبح تنفيذ الالتزام غير ممكن أو غير مجد بفعل المدين.
2. اذا كان محل الالتزام تعويضا ترتب على عمل غير مشروع.
3."
2832,ما الإجراء الذي تتخذه المحكمة إذا تخلف الشاهد عن الحضور دون معذرة مشروعة؟,تصدر مذكرة احضار بحقه.,إذا تخلف الشاهد عن الحضور دون معذرة مشروعة، يجوز للمحكمة أن تصدر مذكرة احضار بحقه، وتحكم عليه بالحبس لمدة لا تزيد على أسبوع أو بغرامة لا تزيد على عشرة دنانير
136,ما العقوبة المترتبة على الزوج في حال قام بإجبار زوجته على التنازل عن حق لها؟,يكون تصرف الزوج في هذه الحالة غير نافذ ولا تكون له أي تأثير قانوني.,لا توجد عقوبة محددة في قانون 1976 في حال قام الزوج بإجبار زوجته على التنازل عن حقها. على الرغم من ذلك، يعتبر الإجبار على التنازل عن الحقوق أو منح المال بدون رغبتها بمثابة تص
4964,ما هي العقوبة المنصوص عليها للشخص الذي يرتكب جريمة الاغتصاب وفق المادة 293؟,يعاقب الشخص الذي يرتكب جريمة الاغتصاب وفق المادة 293 بالعقوبة المنصوص عليها في المادة 292 من القانون.,"الجواب هو: 
تعاقب مرتكب الجريمة بالسجن الأربعة سنين و الغرامات من مائة إلى مئتي دينار.  و في حالة الإصابة بالمرض النفسي نتيجة للجريمة، تعاقب بال"
3869,كم تكون مدة تعيين مجلس الإدارة؟,لا تزيد مدة تعيين مجلس الإدارة على أربع سنوات.,حسب المادة 72 - مكررة في قانون شركات المساهمة الخاصة في الأردن، يحدد النظام الأساسي للشركة مدة تعيين مجلس الإدارة، لكنها لا تزيد عن أربع سنوات. هذه المادة تشير إلى أن مجلس الإدارة يحدد صلاح
2788,ما الذي يجب على الطرفين ألا يقوما به في لائحتهما الجوابية؟,يجب على الطرفين عدم نكران ادعاءات الطرف الآخر مجملاً في لائحتهما الجوابية.,"يجب على الطرفين ألا يقوما بهما ما يلي في لائحتهما الجوابية:
أ- إنكار ادعاء الخصم في اللائحة المقدمة منه.
ب- عدم الرد على البنود الواردة في لائحة الخصم"
5403,ما المصنفات التي لا تشملها حماية القانون وفق المادة 7؟,القوانين والأنظمة والأحكام القضائية والقرارات الإدارية والاتفاقيات الدولية والوثائق الرسمية والترجمات الرسمية لها.,"لا تشمل حماية القانون وفق المادة 7، المصنفات التي لا تشملها حماية القانون هي:
أ- القوانين والأنظمة والأحكام القضائية وقرارات الهيئات الادارية والاتفاقيات الدولية وسائر الوثائق الرسمية"
899,ما هي الحالة التي يحق للحارس الحصول على أجر مثله؟,عندما لا يشترط الحارس الحصول على أجر ويكون من العمال الذين يعملون بأجر.,حسناً. يعتبر الحارس الشخص الذي يقوم بحراسة المكان أو الموقع أو الممتلكات، ويقوم بذلك عن طريق مراقبة وتأمين المكان أو الموقع أو الممتلكات. في حال كان الحارس يأجر عملًا محددًا،
4339,ما هي المدة المسموح فيها للجنة التنفيذية لتزويد المراقب بمحاضر الاجتماعات؟,يجب على اللجنة التنفيذية تزويد المراقب بمحاضر الاجتماعات خلال سبعة أيام من تاريخ انعقادها.,المادة 230 من قانون الشركات في الأردن تحدد أن اللجنة التنفيذية تودي المراقب بمحاضر اجتماع الهيئة العامة لكل شركة خلال سبعة أيام من تاريخ انعقاد الاجتماع. هذا يعني أن اللجنة التنفيذية لديها
4238,ما هو دور الهيئة العامة للشركة والمجلس الإدارة فيما يتعلق بانتخاب مدقق الحسابات؟,تنتخب الهيئة العامة للشركة مدقق الحسابات ويتم تحديد أتعابهم بالتفويض من قبل المجلس الإدارة.,يتم انتخاب مدقق الحسابات من قبل الهيئة العامة لكل من الشركة المساهمة العامة وشركة التوصية بالأسهم والشركة المحدودة المسؤولية والشركة المساهمة الخاصة، حيث تنتخب الهيئة العامة مدققاً أو أكثر من بين مدققي الح
5473,ما هي مسؤولية الشخص الذي وجه ونظم ابتكار المصنف الجماعي؟,يلتزم بنشر المصنف باسمه وتحت ادارته.,المسؤولية للشخص الذي وجه ونظم ابتكار المصنف الجماعي هي ممارسة حقوق المؤلف في المصنف، وهو الحق الوحيد في ممارسة حقوق المؤلف في المصنف. هذا هو ما يحدده القانون في المادة 35. يُعت
5836,متى يحق للنقيب أن يتخذ صفة المدعي في القضايا؟,يحق للنقيب أن يتخذ صفة المدعي في كل قضية تتعلق بافعال تمس كرامة النقابة أو كرامة أحد أعضائها.,"حسناً. يعتبر النقيب يحق له ان يتخذ صفة المدعي في القضايا المتعلقة بافعال تمس كرامة النقابة او كرامة احد اعضائها.  
المصدر: قانون النقيب. 
المصدر: قانون"
4035,ما هي الشروط المطلوبة لأسناد القرض وإصداره بواسطة مجلس إدارة الشركة؟,يشترط موافقة مجلس إدارة الشركة بأغلبية ثلثي أعضاء المجلس على الأقل.,يجب أن تحصل على موافقة مجلس إدارة الشركة بأغلبية ثلثي أعضاء المجلس على الأقل، وايضا يجب الحصول على موافقة الهيئة العامة غير العادية للشركة. إذا كانت الأسناد قابلة للتحويل إلى أسهم، في
5141,ما هو تأثير تصرف الشخص المعهود بإدارة المحل وتفقده والعناية به؟,يعتبر أنه هو صاحب ذلك المحل سواء أكان هو صاحبه الحقيقي أم لم يكن.,"يتأثر تصرف الشخص المعهود بإدارة المحل وتفقده والعناية به بحيث يعتبر أنه هو صاحب ذلك المحل، سواء كان هو صاحبه الحقيقي أم لم يكن.

### Note:
سوف أقوم بكتابة الإجابة باللغة العربية"
4202,ما يجب أن تقوم به المراقب أو من ينتدبه بخصوص القسيمة المودعة في مركز الشركة؟,يتولى المراقب أو من ينتدبه تدقيق القسيمة المودعة في مركز الشركة.,يجب على المراقب أو من ينتدبه، أن يقوم بتدقيق القسيمة المودعة في مركز الشركة قبل اجتماع الهيئة العامة. هذا، بالإضافة إلى أنه يجب أن تودع القسيمة في مركز الشركة قبل ثلاثة أيام على الأقل من التاريخ المحد
3651,ما هي التزامات شركة التضامن تجاه أي عمل يقوم به شخص مفوض بإدارتها؟,تلتزم شركة التضامن بأي عمل يقوم به شخص مفوض بإدارتها وبأي مستند وقعه باسم الشركة، سواء كان شريكًا في الشركة أو لم يكن.,تلتزم شركة التضامن باي عمل قام به أي شخص مفوض بإدارتها أو القيام بذلك العمل وبأي مستند وقعه باسم الشركة سواء كان شريكاً في الشركة أو لم يكن. ويعتبر الشخص المفوض بإدارة شؤون
957,متى يمكن للمحكمة أن تعفي الكفيل بالنفس من الغرامة التهديدية؟,يمكن للمحكمة أن تعفي الكفيل بالنفس من الغرامة التهديدية إذا أثبت عجزه عن إحضار المكفول.,يمكن للمحكمة أن تعفي الكفيل بالنفس من الغرامة التهديدية إذا أثبت عجزه عن إحضار المكفول في الوقت المعين. كما أن المحكمة لها الصلاحية أن تعفيه من الغرامة إذا تبين لها ما يبر
5491,متى يمكن للمحكمة إلزام الشخص الحاصل على حق التقديم بتقديم التأمين أو الكفالة؟,عند قرار المحكمة أو قاضي الأمور المستعجلة بإجابة طلب صاحب الحق وتحديد نوع ومقدار التأمين.,ينبغي للمحكمة أن تُلزم الشخص الحاصل على حق التقديم بتقديم التأمين أو الكفالة إذا قررت إجابة طلب صاحب الحق في أي من الحالات المنصوص عليها في الفقرة (أ) من المادة 46
5294,ما هي الدعاوى المتعلقة بالأعمال المصرفية التي تدخل ضمن اختصاص محاكم البداية؟,التي تزيد قيمة المطالبة في كل منها على مائة ألف دينار، بما فيها الاعتمادات والضمانات المصرفية.,يدخل الدعاوى المتعلقة بالأعمال المصرفية التي تزيد قيمة المطالبة فيها على مائة ألف دينار ضمن اختصاص محاكم البداية. كما تشمل هذه الدعاوى الدعاوى المتعلقة بالاعتمادات المستندية وخطابات الضمان
907,ما يعنيه أن يكون اتفاق على مقامرة أو رهان محظور باطلا وفقاً للمادة 915؟,يعني أن أي اتفاق يتعلق بالمقامرة أو الرهان الذي يعتبر محظوراً سيكون باطلاً وغير ملزم قانونياً.,حسناً. وفقاً للمادة 915، يعني أن يكون اتفاق على مقامرة أو رهان محظور باطلاً أن مثل الاتفاق يكون غير صحيح أو غير ملزم، مما يعني أن المشاركين في مثل الاتفاق لا يلتزمون بمعاه
4105,ما الإجراء الذي يجب أن يتخذه الشخص الذي تم انتخابه عضواً في مجلس إدارة شركة ولم يكن حاضراً؟,يجب عليه أن يعلن عن قبوله بالعضوية أو رفضها خلال عشرة أيام من تاريخ تبليغه بنتيجة الانتخاب.,يجب أن يتخذ الشخص الذي تم انتخابه عضوا في مجلس إدارة شركة ولم يكن حاضراً الإجراء التالي: إعلان قبوله بتلك العضوية أو رفضها خلال عشرة أيام من تاريخ تبليغه نتيجة الانتخاب. ويع
721,ما هو الحد الأقصى لقيمة الأجر الذي يحصل عليه المزارع في حالة فسخ عقد المزارعة؟,لا يجوز أن يتجاوز اجر المزارع قيمة حصته من المحصول في أي حال من الأحوال.,يحصل المزارع على جار أجر مثل عمله في حالة فسخ عقد المزارعة، والذي لا يجوز أن يتجاوز قيمة حصة صاحبه من المحصول. إذا كان صاحب البذر هو المزارع، فإنه يحصل على جار أجر مثل
1863,ما العمل الذي يجب على صاحب العمل القيام به بعد تبليغه بأوراق الدعوى؟,يجب عليه تقديم جواب مفصل على اللائحة لكل واقعة وفق ما يطلبه العامل.,يجب على صاحب العمل تقديم جواب مفصل على لائحة الدعوى عن كل واقعة من وقائعها مرفقاً به المستندات والبيانات التي تثبت وفائه بالأجور التي يطالب بها العامل أوعدم استحقاقه
2002,كم تكون العقوبة عند تكرار حالة النقص أو الزيادة غير المبرر؟,يعاقب المخالف بالحبس مدة لا تقل عن ثلاثة أشهر وبغرامة لا تقل عن 1000 دينار ولا تزيد عن 3000 دينار.,يتم تطبيق العقوبة عند تكرار حالة النقص أو الزيادة غير المبرر بمقدار الحبس مدة لا تقل عن ثلاثة أشهر وبغرامة لا تقل عن ألف دينار ولا تزيد على ثلاثة آلاف دينار. ويعتبر تكرار
2906,متى يمكن للفريق الذي لم يمتثل للاشعار استخدام المستند كبينة في التدعوى؟,يمكن للفريق الذي لم يمتثل للاشعار استخدام المستند كبينة في التدعوى إذا أقنع المحكمة بوجود سبب أو عذر كاف لعدم أمتثاله للاِشعار.,"يحق للفريق الذي لم يمتثل للاشعار استخدام المستند كبينة في التدعوى إذا أقنع المحكمة بوجود سبب أو عذر كاف لعدم امتثاله للاشعار. 

في حالة عدم امتثال الفريق لاشعار بلوغ"
163,ما هو تعريف الفسخ والاجازة في القانون المدني الأردني؟,الفسخ أو الاجازة هما بمعنى فسخ العقد أو السماح بالتنفيذ القانوني له بشكل صريح أو دال.,تعريف الفسخ والاجازة في القانون المدني الأردني هو الفعل أو القول الذي يدل على الفسخ أو الاجازة صراحة أو دلالة، ويعتبر هذا الفعل أو القول بمثابة اختيار الفسخ أو الاجازة. إذا
3533,ما العقوبة المنصوص عليها للشخص الذي يرتكب جريمة بقصد وفقا للمادة 5؟,يُعاقب بمقتضى العقوبات المنصوص عليها في قانون العقوبات وهذا القانون.,"العقوبة المنصوص عليها للشخص الذي يرتكب جريمة بقصد وفقا للمادة 5 هي بمقتضى العقوبات المنصوص عليها في قانون العقوبات وهذا القانون. 

العقوبة هي الحبس لمدة لا تتجاوز سنتين إذا"
417,ما هي الآثار المتعلقة بتعدد طرفي التصرف التضامن بين المدينين؟,تعدد طرفي التصرف التضامن بين المدينين ينظمه في القانون المدني، ويمكن الرجوع إلى أحكام التضامن في هذا القانون لمزيد من التفاصيل.,حسناً. الإجابة هي الآثار المتعلقة بتعدد طرفي التصرف التضامن بين المدينين هي أن الدائن قد يطالب بدينه كل المدينين المتضامنين أو بعضهم، و لكل مدين أن يعترض عند مطالب
3295,ما هي المدة القصوى التي يمكن تمديدها لاصدار حكم التحكيم؟,يمكن تمديد مدة اصدار حكم التحكيم مرة واحدة أو أكثر على ألا تزيد عن اثني عشر شهرا.,المادة 37 من قانون التحكيم في الأردن (حسناً في قانون التحكيم في الأردن) تنص على أن يصدر حكم التحكيم كلها خلال الميعاد الذي اتفق عليه الطرفان. إذا لم يوجد اتفاق، يجب أن يص
5037,ما هي العقوبة المحتملة للفاعل إذا لم ينجم عن أفعاله مرض أو تعطيل عن العمل ولكن مدتها لم تتجاوز العشرين يومًا؟,الحبس لمدة لا تزيد على سنة أو غرامة لا تزيد على مائة دينار، أو كلتا العقوبتين.,"العقوبة المحتملة للفاعل في هذه الحالة هي الحبس مدة لا تزيد على سنة أو بغرامة لا تزيد على مائة دينار أو بكلتا هاتين العقوبتين. 

### Note:
حسناً. هذا هو الإجابة الصحيحة"
2950,ما هي الحالات التي يُسمح فيها للمدعي بإسقاط دعواه؟,يُسمح للمدعي بإسقاط دعواه في غيبة المدعى عليه أو بموافقته إذا كان حاضرا.,حسناً. يمكن للمدعي إسقاط دعواه في حالات الغيبة أو الموافقة على إسقاط الدعوى إذا كان المدعى عليه حاضرا. هذه الحالة تحدد في المادة 126 من قانون الدعاوى الجزئية. لا
3163,متى يمكن الإثبات بالشهادة في الالتزامات التجارية بغض النظر عن قيمتها؟,يمكن الإثبات بالشهادة في الالتزامات التجارية بغض النظر عن قيمتها مع مراعاة أحكام أي قانون خاص يسمح بذلك.,يُجيز الإثبات بالشهادة في الالتزامات التجارية بغض النظر عن قيمتها بموجب المادة 28 البند ب. من قانون الإجراءات المدنية. يُشدد في هذه الحالة على جواز الإثبات بالشهادة في ال
1326,متى تعتبر مرتبة الرهن التأميني؟,تعتبر مرتبة الرهن التأميني من تاريخ تسجيله في دائرة التسجيل.,تعتبر مرتبة الرهن التأميني من تاريخ تسجيله في دائرة التسجيل. ويحتفظ بمرتبته حتى يقيد بدائرة التسجيل ما يدل على انقضائه. وهذا يعني أن مرتبة الرهن التأميني تظل سارية حتى يتم
1414,ما هي المرتبة التي يحتلها امتياز صاحب الفندق وفقاً للمادة 1443 من القانون المدني الأردني؟,يكون لامتياز صاحب الفندق مرتبة المؤجر وفقاً للمادة 1443 من القانون المدني الأردني.,حسناً، بحسب المادة 1443 من القانون المدني الأردني، يحتل امتياز صاحب الفندق مرتبة المؤجر. إذا اجتمع الحقان، يأتي صاحب الفندق في الأول. إذا لم يكن غير نافذ في حق الآخر، يأتي
1415,ما هو المادة 1444 من القانون المدني الأردني؟,تتعلق المادة 1444 من القانون المدني الأردني بامتياز البائع على المنقول بالثمن وملحقاته.,المادة 1444 من القانون المدني الأردني تتعامل مع امتياز البائع بالثمن وملحقاته للمنقول. يظل هذا الامتياز قائماً حتى يتغير حال المنقول. يأخذ هذا الامتياز بعين الاعتبار حقوق من
4580,ماذا تحول أحكام التقادم دونه؟,تحول أحكام التقادم دون تنفيذ العقوبات.,حسناً. تُحول أحكام التقادم المنصوص عليها في قانون أصول المحاكمات الجزائية دون تنفيذ العقوبات، بموجب المادة 54. هذه المادة تعيد توجيه هذه القواعد، مما يعني أن أحكام التقادم ت
1465,ما هي العقوبة لشخص يستخدم بيانات ومعلومات للحصول على أموال الغير؟,الحبس لمدة لا تقل عن سنتين ولا تزيد على ثلاث سنوات وغرامة لا تقل عن 5000 دينار.,العقوبة لشخص يستخدم بيانات ومعلومات للحصول على أموال الغير هي الحبس لمدة لا تقل عن سنة ولا تزيد عن ثلاث سنوات وبغرامة لا تقل عن (2500) ألفين وخمسمائة دينار ولا تزيد عن (10000) عشرة
4793,ما هو شرط تقديم الطلب لإثبات صحة الذم الموجه لموظف معين؟,يجب أن يكون ما عزاه الذام متعلقا بواجبات وظيفة الموظف أو جريمة تستلزم العقاب قانونا.,يجب أن يكون الذم متعلقا بواجبات وظيفة الموظف المعتدى عليه أو يكون جريمة تستلزم العقاب قانونا. إذا كان الذم يتعلق بواجبات الوظيفة فقط وثبتت صحته، فيبرأ الذام. وإذا كان الذ
3557,ما هو الموضوع الرئيسي للتشريع؟,الحجز والتحفظ على الأموال التي تم الحصول عليها نتيجة ارتكاب جرائم اقتصادية.,الموضوع الرئيسي للتشريع هو قانون الجرائم الاقتصادية الذي يحدد الجرائم الاقتصادية والتعامل معها ، ويحدد أيضا إجراءات التحقيق والفصل في الدعوى ، وتشمل أحكامه إجراء الحجز التحفظي على أموال
1714,ما هو تقديم المادة 64 من القانون؟,تقديم المادة 64 من القانون يعتبر باطلا كل اتفاق يقضي بتنازل العامل عن اجازته السنوية أو عن أي جزء منها.,تقدّم المادة 64 من القانون على ما يلي: يعتبر باطلا كل اتفاق يقضي بتنازل العامل عن اجازته الاصلاحية أو عن أي جزء منها. و هذا يعني أن أي اتفاق يتعاقد عليه العامل مع صاحب العمل يقضي بتعوي
5069,ما هو نص المادة 354 من القانون؟,المادة 354 تنص على أن كل تهديد بإنزال ضرر غير محق يُعاقب عليه بالحبس أو بغرامة.,"تهديد آخر بإنزال ضرر غير محق يعاقب عليه بناء على الشكوى بالحبس حتى أسبوع أو بغرامة لا تتجاوز الخمسة دنانير. 
(الجواب هو: تهديد آخر بإنزال ضرر غير محق"
4584,متى يمكن غامة الأمر بوقف تنفيذ العقوبة؟,إذا صدر حكم بالحبس لمدة تزيد على شهر واحد بعد صدور الأمر بالوقف.,يجب أن يكون الإجابة على السؤال في صيغة متسلسلة. لذلك، الإجابة هي: يمكن الغامة الأمر بوقف تنفيذ العقوبة في الحالات التي يقرر فيها المحكمة إيقاف التنفيذ، وينبغي أن يب
1209,ما تأثير تنازل المنتفع عن حق الانتفاع على التزاماته؟,لا يؤثر تنازل المنتفع عن حق الانتفاع على التزاماته لمالك العين المنتفع بها ولا على حقوق الغير.,يؤدي تنازل المنتفع عن حق الانتفاع إلى إسقاط التزاماته بمالك العين، ولكن لا يؤثر على حقوق الغير. يعني هذا أن المنتفع لا يلتزم بالتزاماته تجاه مالك العين بعد تنازله، لكنه لا يؤ
4573,متى يكون التضامن ساري المفعول في الالتزامات المدنية؟,يكون التضامن ساري المفعول في الالتزامات المدنية فقط إذا حُكم على الأشخاص بجريمة واحدة في نفس الدعوى.,"ساري المفعول في الالتزامات المدنية في جميع الأشخاص الذين حكم عليهم من أجل جريمة واحدة، بموجب المادة 46 من قانون العقوبات في المملكة الأردنية الهاشمية. 

يجب أن يكون المحكوم عليهم قد حكم"
286,في أي سياق يجب عدم الإخلال بأحكام الضمان وفقاً للمادة 291؟,يجب عدم الإخلال بأحكام الضمان مع مراعاة ما يرد فيها من أحكام خاصة.,يجب عدم الإخلال بأحكام الضمان وفقاً للمادة 291 في سياق الأشياء والآلات، حيث يتضمن القانون مدني الأردني أحكاماً خاصة فيما يتعلق بالضمان. في حالة وجود أشياء أو آلات تحت تصرف شخص ما
5820,ماذا يحدث إذا تحتوت الأوراق على أسماء أكثر من العدد المطلوب؟,يُهمل منها الأسماء الزائدة عن العدد المطلوب.,إذا تحتوت الأوراق على أسماء أكثر من العدد المطلوب في الانتخاب، يُهمل منها الاسماء الأخيرة الزائدة. ويعتبر ذلك أوراق بيضاء غير مقروءة. وينطبق نفس القاعدة على الأوراق التي تحتوي
5389,ما هي الأعمال التي تتمتع بالحماية في مجال الفنون التطبيقية؟,الزخرفية والعمارة واعمال الرسم والتصوير والنحت.,"تتمتع بالحماية في مجال الفنون التطبيقية: 
- الكتب والكتيبات وغيرها من المواد المكتوبة.
- المصنفات التي تلقى شفاها كالمحاضرات والخطب والمواعظ.
- المصنفات المسرحية والم"
3132,ما هي الشروط اللازمة لإعطاء الصور الخطية والفوتوغرافية قوة السند الرسمي؟,يجب أن يكون اصل السند الرسمي موجوداً، وأن تكون الصور نقلت منه وصدرت عن موظف عام في حدود اختصاصه.,تعتبر الصور الخطية والفوتوغرافية التي نقلت من اصل السند الرسمي وتصدر عن موظف عام في حدود اختصاصه قوة السند الرسمي الأصلي، بشرط أن يكون اصل السند الرسمي موجوداً. وهذا يشمل أن الصورة مطابقة للأ
3825,من يحتاج إلى موافقة المراقب لتسجيل شركة توصية بالأسهم؟,إدارة الشركة.,"يحتاج إلى موافقة المراقب شركة التوصية بالأسهم.  المادة 80 من قانون الشركات في الأردن.  المادة 80 تذكر أن تسجيل شركة التوصية بالأسهم يخضع لموافقة المراقب. 
المراق"
2675,ما هو القانون الذي يُلغى ويُعدل في البند التاسع عشر من المادة 369؟,قانون أصول المحاكمات الجزائية رقم 76 لسنة 1951 وما طرأ عليه من تعديلات.,الجواب هو قانون أصول المحاكمات الجزائية.     تم تعديله في البند التاسع عشر من المادة 369.    تم إعداده من قبل قانون أصول المحاكمات الجزائية رقم 76 لسنة 1951 و ما طرأ عليه من تعديلات.
4058,كيف يتم انتخاب أعضاء مجلس إدارة الشركة المساهمة العامة؟,يتم انتخابهم من قبل الهيئة العامة للشركة بالاقتراع السري والتصويت النسبي.,يتم انتخاب أعضاء مجلس إدارة الشركة المساهمة العامة من قبل الهيئة العامة للشركة بالاقتراع السري والتصويت النسبي، حيث يتيح لكل مساهم الخيار بتوزيع عدد الأصوات حسب عدد الأسهم التي يمتلكها. يضمن هذا النظام الح
1390,ما هو تأثير الامتياز على حقوق حائز المنقول إذا كان حسن النية؟,لا يؤثر الامتياز على حقوق حائز المنقول إذا كان حسن النية.,يؤثر الامتياز على حقوق حائز المنقول إذا كان حسن النية، ويظل حائز المنقول مؤجر العقار بالنسبة للمنقولات الموجودة بالعين المؤجرة، وصاحب الفندق بالنسبة لامتعة النزلاء. وفي هذه الحالة،
5318,ما هي الغرفة الاقتصادية التي تنشأ لدى محكمة استئناف عمان؟,تنشأ لدى محكمة استئناف عمان غرفة اقتصادية تضم هيئة واحدة أو أكثر.,"تنشأ لدى محكمة استئناف عمان غرفة اقتصادية تضم هيئة واحدة أو أكثر، للنظر في الطعون الموجهة إلى الأحكام الصادرة عن الغرفة الاقتصادية لدى محكمة بداية عمان.  
هذا هو جوابك"
2387,ما هو اسم الصندوق الذي يتم تأسيسه لتقديم المساعدة القانونية؟,صندوق المساعدة القانونية أمام المحاكم.,"يسمى الصندوق الذي يتم تأسيسه لتقديم المساعدة القانونية ""صندوق المساعدة القانونية أمام المحاكم"". يهدف الصندوق إلى تقديم المساعدة القانونية لمواطنين أو مقيمين في المملكة غير قادرين على تعيين محام"
1915,ما هي الشروط التي يجب توفرها للتحاق ببرنامج المعالجة؟,تحديد من قبل الطبيب النفسي أو الاجتماعي.,يجب على المتعاطي أن يتقدم بذاته أو بوساطة أحد أقربائه إلى المراكز المتخصصة للمعالجة التابعة لأي جهة رسمية أو إلى إدارة مكافحة المخدرات أو أي مركز أمني. ويجب أن ي
3043,ما هو عقوبة الإهمال في إرسال الملف في الموعد المحدد؟,يمكن لمحكمة الاستئناف أن تحكم بغرامة لا تزيد على خمسين دينارا.,عقوبة الإهمال في إرسال الملف في الموعد المحدد هي غرامة لا تزيد على خمسين دينارا. وتكون محكمة الاستئناف حكمت بهذا الشأن غير قابل للاطعن.  (المادة 180).  يمكن لم
3432,في أي حالة يُسمح للرئيس بالسماح باستعمال الأشياء المحجوزة؟,إذا كان مالكها أو صاحب الحق في الانتفاع بها يستعملها في ما خصصت له.,يُسمح للرئيس بالسماح باستعمال الأشياء المحجوزة في حالة كانت مالكة الأشياء أو صاحب الحق في الانتفاع بها يستعملها فيما خصصت له، أو في حالة وقع الحجز على ماشية أو عروض أو أدوات أو الآت
2017,كيف يتم تحديد مكافآت أعضاء اللجنة؟,يتم تحديد مكافآت أعضاء اللجنة وسائر الشؤون المتعلقة بها بموجب نظام يصدر لهذه الغاية.,حسناً. تحديد مكافآت أعضاء اللجنة يحدد في المادة 31 ج من القانون، حيث تقول: «تحدد كيفية اجتماعات اللجنة والنصاب القانوني لاجتماعاتها واتخاذ قراراتها وتوصيات
2078,ما الإجراء الذي يجب اتخاذه إذا قصر موظفو الضابطة العدلية في القيام بمهامهم؟,يجب على المدعي العام تنظيم ضبط بالواقعة ورفعه إلى النائب العام.,يجب على المدعي العام تنظيم الضبط ورفعه إلى النائب العام، ثم إحالته إلى المدعي العام المختص أو المحكمة المختصة بحسب المقتضى الحال، لإجراء المقتضى القانوني. هذا الإجراء يضمن تنفيذ
5170,ما هي العقوبة لشخص يشتري مركبة مسروقة ويعلم بذلك؟,الحبس من سنة إلى ثلاث سنوات.,عقوبة الشخص الذي يشتري مركبة مسروقة ويعلم بذلك هي الحبس من سنة إلى ثلاث سنوات. كما يحدد القانون أن العقوبة لا تنقص عن شهر واحد في حالة الحيوانات المعدودة، أو عن ستة أشهر في حالة السرقة الب
5161,ما هو عقوبة الحبس لشخص يرتكب سرقة غير مبينة في المادة 407؟,يعاقب بالحبس من ستة أشهر الى سنتين.,تتضمن المادة 407 في قانون العقوبات في الأردن عقوبة الحبس لشخص يرتكب سرقة غير مبينة في المادة 407، وهي عقوبة تتراوح بين ستة أشهر وثلاث سنوات. إذا وقعت السرقة على قطع
5107,ما هو العقوبة المفروضة في حال أدى الحادث إلى وفاة أحد الأشخاص؟,الإعدام، وفقاً للمادة 381 التي تزيد نصف العقوبات في حال وقوع وفاة أحد الأشخاص بسبب الحادث.,"الجواب هو: الزاد على العقوبات المذكورة في المادة السابقة نصفها ، إذا أصيب احد الناس بعاهة دائمة ، ويقضى بالإعدام إذا أدى الحادث إلى وفاة أحد الأشخاص. 
العقوبة المفروضة"
3548,متى يمكن للنائب العام إجراء المصالحة مع حائز المال؟,عندما يتم إعادة المال محل الجريمة والمنافع المرتبطة به.,يحق للنائب العام إجراء المصالحة مع حائز المال في حال رد المال محل الجريمة والمنافع المرتبطة به ، كليا أو إجراء تسوية عليها ، ولا يعتبر هذا القرار نافذا إلا بعد موافقة اللجنة الق
2839,كيف يتم تنظيم شؤون الخبرة أمام المحاكم النظامية؟,تنظم شؤون الخبرة بموجب نظام يصدر لهذه الغاية.,تنظم شؤون الخبرة أمام المحاكم النظامية بمقتضى نظام يصدر لهذه الغاية، ويتم بموجبه تشكيل مجلس لشؤون الخبرة برئاسة وزير العدل ولجان فنية لانتقاء الخبراء وإعداد س
3493,ما هو الشرط الذي يمنع قبول عرض بزيادة عشرة بالمائة بعد اعادة البيع؟,عدم وجود عرض آخر بمبلغ يزيد على ذلك الزيادة.,يجب أن يكون هناك عرض آخر قبله، بزيادة على العرض الذي يقبل المشتري المستنكف. إذا لم يكن هناك مثل هذا العرض، فيجب قبول العرض الذي يزيد على العرض الذي يقبل المشتري المستنكف. هذا الشرط ي
277,ما هو تأثير المادة 287 في حالة ازالة التصرف؟,تكافؤ المادة 287 بين التصرف والغصب يعني أنه يُعامل التصرف بنفس القوانين التي تُطبق على الغصب.,تؤدي المادة 287 في حالة ازالة التصرف إلى تحويل الحكم إلى حكم الغصب، مما يعني أن الغير يصبح مسؤولاً عن التصرف، ويجب عليه إعادة الموجودات إلى الأصل أو أن يؤجرها أو أن يتصرف بها في
2758,ما هي السلطة المختصة في حال وقوع منازعات تتعلق بمصروفات الدعاوى وأتعاب المحاماة بصورة تبعية؟,السلطة المختصة هي المحكمة التي فصلت في أصل الدعوى وفق المادة 46، مع مراعاة عدم التداخل مع أحكام قانون نقابة المحامين.,"تختص المحكمة التي فصلت في أصل الدعوى بالمنازعات المتعلقة بمصروفات الدعاوى وأتعاب المحاماة بصورة تبعية. 

### Explanation:
المادة 46 من قانون الاجراءات المدنية في المملكة الأردنية الها"
5652,هل تشمل القاعدة المذكورة في المادة 11 الاشتغال بالصحافة الحقوقية؟,لا، لا تشمل القاعدة الاشتغال بالصحافة الحقوقية والثقافية.,لا، لا تشمل القاعدة المذكورة في المادة 11 الاشتغال بالصحافة الحقوقية، حيث يشير الفقرة (2) في المادة نفسها إلى أن احكام المادة لا تسري على الاشتغال بالصحافة الحقوقية والثق
2843,ما هي المادة التي تنظم تعيين الخبراء في القانون؟,المادة 84.,تنظم المادة 84 من القانون في الجordan تعيين الخبراء، حيث يحدد البند 1 أن الخبير يُتسمى إذا اتفق الخصوم على الخبير، وافقت المحكمة على تسميته، وفي حالة عدم اتفاق الخصوم على تسمي
1637,ما هو الأساس الذي يعتمد لحساب مكافأة نهاية الخدمة عندما يتم حساب الأجر على أساس العمولة أو القطعة؟,عندما يحسب الأجر على أساس العمولة أو القطعة، يعتمد لحساب مكافأة نهاية الخدمة على المتوسط الشهري للأجر الحقيقي الذي تقاضاه العامل خلال الاثني عشر شهراً السابقة لانتهاء خدمته.,حسناً. الأساس الذي يعتمد لحساب مكافأة نهاية الخدمة عندما يتم حساب الأجر على أساس العمولة أو القطعة هو المتوسط الشهري لمجموع الأجر الذي تقاضاه العامل فعلاً خلال مدة استخدامه. إذا كان
385,هل يمكن للدائنين الطعن في تصرفات المدين بعد انتهاء الحجر؟,نعم، يمكن للدائنين الطعن في تصرفات المدين بعد انتهاء الحجر وفقا للمواد 366 ومن 368 الى 374.,نعم، يمكن للدائنين الطعن في تصرفات المدين بعد انتهاء الحجر. يشرح الفقرة 386 من قانون المالية في الأردن أن انتهاء الحجر لا يمنع الدائنين من الطعن في تصرفات المدين أو من
4652,ما هو الشرط الذي يجب أن تلتزم به الجنحة الثانية للمتهم وفقا للمادة 102؟,يجب أن تكون الجنحة الثانية مماثلة للجنحة الأولى.,"حكم عليه بمدة لا تتجاوز ضعف العقوبة التي تستلزمها جريمته الثانية. 
وتجاوز هذا التضعيف خمس سنوات. 

### Note:
المادة 102 هي مادة من قانون العقوبات في الأردن، وتنص على أن الم"
2037,متى يمكن قبول الشكوى أو الادعاء الشخصي إذا كان المجنى عليه شخصاً معنوياً؟,بعد تقديم طلب خطي من الممثل القانوني للشخص المعنوي أو من ينوب عنه.,تستطيع قبول الشكوى أو الادعاء الشخصي إذا كان المجنى عليه شخصاً معنوياً بعد وقوع الشكوى أو الادعاء الشخصي، والذي يمكن أن يتم بقراءة طلب خطي من الممثل القانوني للشخص المعنوي
3799,ما هو تأثير تغيير حصة شريك في الشركة على السجل الخاص بالشركاء؟,يجب تدوين أي تغيير يطرأ على حصة الشريك في الشركة، مع تفاصيله وتاريخ وقوعه، في السجل الخاص بالشركاء.,"تغير حصة شريك في الشركة يؤدي إلى تعديل السجل الخاص بالشركاء في الشركة. يتعين على المدير أو هيئة المديرين في الشركة تسجيل البيانات التالية:
- اسم الشريك وألقابه وجنسيته ومركز أقام"
3846,ما هي البيانات التي يجب أن تتضمنها البند العاشر في النظام الأساسي للشركة المساهمة؟,أسماء الأشخاص الذين سيتولون دعوة الهيئة التأسيسية وإدارة الشركة.,"البيانات التي يجب أن تتضمنها البند العاشر في النظام الأساسي للشركة المساهمة هي:
أسماء الأشخاص الذين سيتولون دعوة الهيئة التأسيسية للانعقاد وإدارة الشركة لحين انتخاب مجلس الإدارة الأول وطريقة"
3958,متى يمكن للوزير أن يسمح بتأسيس شركة مساهمة عامة بواسطة مؤسس واحد؟,بناءً على تنسيب مبرر من المراقب.,يمكن للوزير أن يسمح بتأسيس شركة مساهمة عامة بواسطة مؤسس واحد في حال شراء هذا المؤسس كامل أسهم الشركة المساهمة العامة المحدودة، أو إذا كان يوجد مساهم واحد يمتلك كامل أسهم الشركة. هذا وفقاً للمادة 90
4575,ما هي النتيجة القانونية لوقوع التقادم في قضية جنائية؟,يؤدي وقوع التقادم إلى سقوط الحق في متابعة الجناية وتوقف الإجراءات القضائية ضد المتهم.,الجواب هو: في حالة وقوع التقادم في قضية جنائية، تترتب عليه سقوط الحكم القاضي بالإدانة في أي جريمة جنائية أو جنحية، ومحو جميع آثاره بالنسبة للمستقبل بما في ذلك الحرمان من الحقوق
1010,ماذا ينص المادة 1026 من النصوص القانونية؟,تنص المادة 1026 على أنه إذا كان لأحد ملك يتصرف فيه تصرفاً مشروعاً فاحدث غيره بجواره بناء تضرر من الوضع القديم، فليس للمحدث أن يدعي التضرر من ذلك.,المادة 1026 تنص على أن إذا كان لاحد ملك يتصرف فيه تصرفاً مشروعاً فاحدث غيره بجواره بناء تضرر من الوضع القديم، فليس للمحدث أن يدعي التضرر من ذلك وعليه أن
2409,ما يُسمح للمحكمة فعله في حالة اعتراف المتهم بالتهمة؟,يُجوز للمحكمة الاكتفاء باعترافه وتحكيم عليه بالعقوبة المناسبة.,في حالة اعتراف المتهم بالتهمة، يأمر الرئيس بتسجيل اعترافه بكلمات أقرب ما تكون إلى الالفاظ التي استعملها في اعترافه. ويجوز للمحكمة الاكتفاء باعترافه، وعندئذ تحكم عليه بالعق
1117,ما هو تأثير العمل القانوني الذي يصدر من شخص في مرض الموت ويكون مقصوداً به التبرع؟,يُعتبر التصرف مضافاً إلى ما بعد الموت وتسري عليه أحكام الوصية.,يعد العمل القانوني الذي يصدر من شخص في مرض الموت ويكون مقصودا به التبرع تصرفا مضافا الى ما بعد الموت، وتسري عليه أحكام الوصية. يعني ذلك أن ورثة المتصرف يجب أن يثبتوا
4083,ما هو محتوى التقرير الذي يجب أن يقدمه مجلس إدارة الشركة المساهمة العامة كل ستة أشهر؟,يجب أن يتضمن التقرير المركز المالي للشركة ونتائج أعمالها وحساب الأرباح والخسائر وقائمة التدفق النقدي والإيضاحات المتعلقة بالبيانات المالية.,يتضمن التقرير الذي يجب أن يقدمه مجلس إدارة الشركة المساهمة العامة كل ستة أشهر المركز المالي للشركة ونتائج أعمالها وحساب الأرباح والخسائر وقائمة التدفق النقدي والإيضاحات المتعلقة بالبيانات
3734,ما يحدث اذا قبل الوزير الاعتراض على تقرير اللجنة؟,يتم رفض تسجيل الشركة إلا إذا عاد الشركاء ووافقوا على التقييم.,"يتم رفض تسجيل الشركة. إذا قبل الوزير الاعتراض على تقرير اللجنة، وعدا إذا عاد الشركاء ووافقوا على التقييم. في هذه الحالة تستكمل إجراءات تسجيل الشركة وفقا لأحكام هذا القانون.  
و إذا"
2900,ما هي الإجراءات التي يجب اتباعها إذا رأت المحكمة نقصًا في التقرير القانوني المقدم؟,يمكن للمحكمة أن تقرر إعادة التقرير للخبير لاكمال ما ترى فيه من نقص، أو تعهد بالمهمة إلى خبير آخر أو أكثر حسب الأصول.,في حال رؤية المحكمة نقصًا في التقرير القانوني المقدم، يجب على المحكمة إبلاغ كل من الطرفين بنسخة من التقرير. ثم يتم إعلان ذلك علنا في الجلسة. المحكمة يمكن أن تقرر من ت
1822,من يقوم بتعيين البنك الذي تودع فيه النقابة أموالها؟,يعين البنك الذي تودع فيه النقابة أموالها الاتحاد العام لنقابات العمال.,يتم تعيين البنك الذي تودع فيه النقابة أموالها من قبل الاتحاد العام لنقابات العمال. إذا حللت النقابة بغير اختيارية، فيجب توديع أموالها في البنك الذي يعينه الاتحاد العام لنقابات العمال حتى ت
864,ما الذي يضمنه الوكيل بموجب المادة 866؟,الوكيل يضمن تنازله عن التوكيل في وقت غير مناسب أو بغير مبرر من ضرر للموكل إذا كانت الوكالة باجر.,ينظم القانون الاردني الوكالات بموجب المادة 866 من قانون مدني الاردني، التي تضمن الوكيل ما ينجم عن تنازله عن التوكيل في وقت غير مناسب أو بغير مبرر من ضرر للموكل، خاصة إذا كانت الوكالة
1353,ما هي الأحكام التي تسريها المادة 1381 من القانون المدني الأردني على رهن المال الشائع؟,تسري على رهن المال الشائع أحكام الرهن التاميني المنصوص عليها فيها.,المادة 1381 من القانون المدني الأردني تعني أن الأحكام التي تسري على رهن المال الشائع هي أحكام الرهن التاميني. وهذا يعني أن رهن المال الشائع يخضع لأحكام خاصة متعلقة بالتأمين، التي تش
3965,من هو الشخص المسؤول عن توقيع عقد تأسيس الشركة؟,يوقع كل مؤسس عقد التأسيس أمام المراقب أو من يفوضه خطياً.,يجب أن يوقع عقد تأسيس الشركة المساهمة ونظامها الأساسي من كل مؤسس أمام المراقب أو من يفوضه خطيا بذلك. ويجوز توقيعها أمام الكاتب العدل أو أحد المحأمين المجازين.  وذ
3122,من هم المكلفون بتنفيذ أحكام القانون وفقاً للمادة 225؟,رئيس الوزراء والوزراء مكلفون بتنفيذ أحكام هذا القانون.,"المكلفون بتنفيذ أحكام القانون وفقاً للمادة 225 هم رئيس الوزراء والوزراء. ### Explanation
المادة 225 من القانون تعريف للمسؤولية القانونية للرئيس الوزراء والوزراء في تنفيذ أحكام القانون. ### Step"
3381,من يحق له قرار وقف السير في معاملات التنفيذ؟,يحق للرئيس قرار وقف السير في معاملات التنفيذ عند المرحلة التي وصلت إليها بعد تقديم طلب الوقف وتأييده بالأوراق المطلوبة.,حسب المادة 21 من قانون التنفيذ في الأردن، يحق لطالب الوقف قرار وقف السير في معاملات التنفيذ. هذا يعني أن الطالب يمكنه طلب وقف التنفيذ، مع تقديم كفالة تضمن الالتزام بال
2049,في أي حالة يجوز تقديم دعوى الحق العام أمام القضاء الأردني؟,يجوز تقديم دعوى الحق العام أمام القضاء الأردني إذا ارتكبت الجريمة بوسائل إلكترونية خارج المملكة.,تجوز تقديم دعوى الحق العام أمام القضاء الأردني في حالة ارتكاب الجريمة بوسائل الكترونية خارج المملكة وتترتب آثارها في المملكة كلياً أو جزئياً. أو في حالة ارتكاب الجريمة في الخارج، ولم
1145,ما هو الشرط الأساسي الذي يجب توفره في البيع الذي تثبت فيه الشفعة؟,يجب أن يكون العقار مملوكاً أو منقولاً في نطاق الأحكام التي يقضي بها القانون.,"يجب أن يكون العقار مملوكاً أو منقولاً في نطاق الأحكام التي يقضي بها القانون. 

هذا الشرط الأساسي الذي يجب توفره في البيع الذي تثبت فيه الشفعة، وذلك لضمان أن البيع يرتبط بمل"
5149,ما هي العقوبة المحتملة للجناة في حالة حدوث سلب بالصورة الموصوفة في الفقرة الثانية وتسبب في رضوض أو جروح نتيجة العنف؟,يُعاقب الجناة بالأشغال المؤبدة.,عند حدوث سلب بالصورة الموصوفة في الفقرة الثانية وتسبب في رضوض أو جروح نتيجة العنف، العقوبة المحتملة للجناة هي الأشغال المؤبدة. هذا يعني أنهم سيخضعون لعقوبة الش
4777,ما هو العقاب المحدد للموظف الذي يتهاون في أداء واجباته دون سبب مشروع؟,الغرامة من عشرة دنانير الى خمسين دينارا أو الحبس من أسبوع واحد الى ثلاثة أشهر.,يحكم على الموظف الذي يتهاون في أداء واجباته دون سبب مشروع بالغرامة من عشرة دنانير إلى خمسين دينارا أو بالحبس من أسبوع واحد إلى ثلاثة أشهر، أو بالحبس من شهر واحد إلى سنة وضمن قيمة
1626,ما هي الحالة التي يمكن للعامل ترك العمل فيها بسبب تخفيض أجره؟,يمكن للعامل ترك العمل في حالة تخفيض أجره وفقاً لأحكام القانون.,بناءً على المادة 29 من قانون العمل في الأردن، يحق للعامل ترك العمل دون إشعار صاحب العمل إذا كان هناك تخفيض في أجره. يتعين على العامل إخطار وزارة العمل خلال أسبوعين من تاريخ ترك العمل، ويبقى
4460,ما هو تصنيف البنوك وشركات التأمين وفقًا للمادة 276 ب؟,تستثنى البنوك وشركات التأمين من أحكام المادة المذكورة.,بناءً على المادة 276 ب، البنوك وشركات التأمين تُستثنى من أحكام تدقيق حسابات الشركة المساهمة العامة وأعمالها. هذا يعني أن هذه المؤسسات لا تخضع لتدقيق حسابات ومراقبة شاملة كما
4568,ما هي الحالة التي يُجيز فيها مصادرة الأشياء التي كانت معدة لارتكاب جناية؟,يُجيز مصادرة الأشياء التي كانت معدة لارتكاب جناية مقصودة.,حسب المادة 44 من قانون العقوبات في الاردن، يجوز مصادرة الأشياء التي كانت معدة لارتكاب جناية أو جنحة مقصودة، أو التي استعملت في ارتكابها أو كانت معدة لاقترافها، ولكن في
1664,ما الذي يحكم تشكيل اللجنة الثلاثية وعملها؟,الأحكام والإجراءات المتعلقة بكيفية تشكيلها وعملها.,يحكم تشكيل اللجنة الثلاثية وعملها المادة 43 من قانون العمل في المملكة الأردنية الهاشمية، التي تحدد تشكيل اللجنة الثلاثية برئاسة الوزير وعضوية ممثلين عن الوزارة والعمال واصحاب العمل
2683,متى يسري النص المعدل للاختصاص على الدعاوى؟,يسري النص المعدل للاختصاص على الدعاوى بعد ختام المحاكمة في الدعوى.,"يسري النص المعدل للاختصاص على الدعاوى بعد ختام المحاكمة في الدعوى. (المادة 2، البند 1). 
هذا يعني أن أحكام هذا القانون سارية على ما لم يكن فصل في الدعاوى"
5616,ما يمكن للمحكمة فعله في حالة عدم استكمال المعترض إجراءات تقديم بيناته الدفاعية؟,تسمح له بإكمالها.,في حالة عدم استكمال المعترض إجراءات تقديم بيناته الدفاعية، يمكن للمحكمة أن ترفض قبول تلك البينات، وتصدر قرارها بذلك. إذا سبق للمعترض أن قدم بيناته إلا أنه لم يستكمل إجراءات
4170,كيف يعتبر الاجتماع الثاني للهيئة العامة قانونيًا؟,يعتبر الاجتماع الثاني قانونيًا بغض النظر عن عدد الأسهم الممثلة فيه.,يعتبر الاجتماع الثاني للهيئة العامة قانونيًا إذا لم يتوفر النصاب المحدد للاجتماع العادي، ويجري بعد ساعة من موعد الاجتماع الأول، ويجري خلال عشرة أيام من تاريخ الاجتماع الأول، ويجري بموافقة مساهم
356,ما هي الوسيلة المشروعة لحماية التنفيذ وفق المادة 365؟,ضمان أموال المدين للوفاء بديونه ومساواة جميع الدائنين في هذا الضمان.,حماية التنفيذ في المادة 365 في القانون المدني في المملكة الأردنية الهاشمية، وفقاً للفرع الثالث، هي الوسيلة المشروعة التي تقوم بها الدولة أو أي شخص مسؤول عنها، لضمان وصول المدين إلى أمو
5045,ما هي العقوبة المقررة لمن يقوم بإجهاض حامل وهو على علم بحملها؟,يُعاقب بالأشغال المؤقتة لمدة لا تزيد على عشر سنوات.,"الجواب هو: الأشغال المؤقتة مدة لا تزيد على عشر سنوات. 

### Explanation:
المادة 333 في قانون العقوبات في الأردن تنص على أن من يقوم بإجهاض حامل وهو على علم بحملها ، عوقب بالأشغال المؤ"
192,ما هو الشرط الذي يجب تحققه ليكون الشخص قادرا على تنفيذ الحقوق باسمه لصالح الغير؟,يجب أن يكون للشخص مصلحة شخصية مادية أو ادبية في تنفيذ تلك الحقوق.,"يجب على الشخص أن يكون له مصلحة شخصية مادية في تنفيذ الحقوق التي يتعاقد عليها باسمه لصالح الغير. 

### Source:
المادة 210 من القانون المدني الأردني لسنة 1976. 

### Translation:
The condition that must"
2203,ما هي الإجراءات التي يمكن اتخاذها من قبل المدعي العام في حال عدم حضور المشتكى عليه؟,يمكن للمدعي العام إصدار مذكرة إحضار بحق المشتكى عليه في حال عدم حضوره أو في حال خشية فراره.,يمكن للمدعي العام في حال عدم حضور المشتكى عليه إصدار مذكرة حضور، أو بديلاً بعد استجواب المشتكى، مذكرة توقيف إذا اقتضى التحقيق ذلك. إذا لم يحضر المشتكى أو خشي فراره، فيُم
1104,ما هو حكم المادة 1116 من القانون المدني الأردني؟,تنص المادة 1116 على أنه إذا اختص أحد الورثة بدين للتركة، فلا يضمن باقي الورثة لهذا الدين إذا أصبح الورثة الآخرين مدينين ولم يتفقوا على ذلك.,حكم المادة 1116 من القانون المدني الأردني هو أن باقي الورثة لا يضمنون لأحد الورثة المدين في حالة إفلاسه أو اعسره بعد القسمة، إلا إذا اتفقوا على غير ذلك. هذا يعني أن ال
4599,ما هي تعريف النية وفق المادة 63؟,النية هي إرادة ارتكاب الجريمة على ما عرفها القانون.,"حسب المادة 63، تعرف النية بأنها إرادة ارتكاب الجريمة على ما عرفها القانون. 

### Input:
المادة 64
تعريف الإرادة في القانون الجنائي: هي الإرادة التي توجب ارتكاب الجريمة.

###"
897,ما هي التزامات الحارس وفقا للمادة 903؟,يلتزم الحارس بإيفاء ذوي الشأن بالمعلومات الضرورية وتقديم الحساب عن تنفيذ مهمته.,وفقا للمادة 903، يلتزم الحارس بان يوافي ذوي الشان بالمعلومات الضرورية التي تتعلق بتنفيذ مهمته، وبان يقدم الحساب عنها في المواعيد وبالطريقة التي يتفق عليها الطرفان أو يامر بها الق
3761,ماذا يمكن للمراقب فعله إذا لم تتم مراعاة الأصول المبينة في القانون؟,يمكن للمراقب عدم اعتماد محضر الاجتماع والقرارات.,إذا لم تتم مراعاة الأصول المبينة في الفقرة (د) من المادة 64، فيجب على المراقب عدم اعتماد محضر الاجتماع والقرارات الصادرة عن الاجتماع، إلا إذا وافق الشريك أو الشركاء غير المبلغين وفق تلك الأصول
420,ما هي آثار تعدد طرفي التصرف التضامن بين المدينين؟,تعدد طرفي التصرف التضامن بين المدينين يندرج ضمن آثار الحق الفصل في الباب الثاني.,تعدد طرفي التصرف التضامن بين المدينين يؤدي إلى آثار معينة. إذا أبرأ الدائن أحد المدينين المتضامنين من الدين أو من التضامن، يلزم باقي المدينين أن يرجعوا على هذا المدين
1032,ما الشرط الوحيد الذي يجيز الرجوع عن القسمة بعد تمامها؟,الشرط الوحيد الذي يجيز الرجوع عن القسمة بعد تمامها هو رضاء جميع الشركاء على فسخ القسمة.,الشرط الوحيد الذي يجيز الرجوع عن القسمة بعد تمامها هو أن جميع الشركاء يرغبون في ذلك. في هذه الحالة، يجوز لهم فسخ القسمة واقالتها واعادة المقسوم مشتركاً بينهم كما كان.
4131,ما هي المخالفات التي يمكن أن ترتكبها رئيس وأعضاء مجلس الإدارة لأنظمة الشركة؟,مخالفة رئيس وأعضاء مجلس الإدارة لأنظمة الشركة يمكن أن تشمل الإجراءات التي تتنافى مع سياسات الشركة أو تتجاوز صلاحياتهم المحددة.,"المخالفات التي يمكن أن ترتكبها رئيس وأعضاء مجلس الإدارة لأنظمة الشركة تشمل:
1.  إمكانية عدم وضع جدول يبين صلاحيات التوقيع عن الشركة في مختلف الأمور، أو عدم تحديث الجدول بشكل دوري.
2."
3850,ما الذي يجوز للشركة فعله بالنسبة لأنواع الأسهم وخيارات المساهمة؟,يجوز للشركة إصدار عدة أنواع وفئات من الأسهم وخيارات المساهمة.,يجوز للشركة إصدار عدة أنواع وفئات من الأسهم تختلف في القيمة الاسمية والقوة التصويتية وتوزيع الأرباح والخسائر على المساهمين وحقوق وأولويات كل منها عند التصفية وقابليتها للتح
4924,ما هي الجريمة المعنية في الفصل الثاني من المادة؟,التزوير في المصدقات الكاذبة.,في الفصل الثاني من المادة، الجريمة المعنية هي التزوير، وبالتحديد، إعطاء مصدقة كاذبة. المادة 266 تحدد أن من يزور تلك المصدقة أو يخلق مصدقة كاذبة يُعاقب بال
3098,ما الحق الذي يبقى للغير وفقاً للمادة 208؟,الحق في الاعتراض على الحكم، ما لم يسقط حقه بالتقادم.,حسناً. وفقاً للمادة 208، يبقى للغير الحق في اعتراض على الحكم ما لم يسقط حقه بالتقادم. هذا يعني أن أي شخص له مصالح في القضية أو يعتقد أن الحكم غير صحيح يمكنه الاستئن
4485,ما هي صفة الاستعجال لدى المحاكم المختصة للقضايا الحقوقية والجزائية المتعلقة بالشركات؟,الاستعجال.,حسب المادة 284 من القانون، تعطى القضايا الحقوقية والجزائية المتعلقة بالشركات صفة الاستعجال لدى المحاكم المختصة. هذا يعني أن هذه القضايا تتمتع بصفة الاستعجال، مما يعني أن
1239,ما هي الشروط الضرورية لصحة التحكير؟,يجب أن يكون التحكير لضرورة أو مصلحة محققة للوقف، ويجب الحصول على إذن من المحكمة المختصة وتسجيله في دائرة التسجيل.,يجب أن تكون هناك ضرورة أو مصلحة محققة للوقف، وأن يتم التحكير بإذن من المحكمة المختصة، ويشترط تسجيل التحكير بعد ذلك في دائرة التسجيل.  هذه الشروط الضرورية لصحة التحكير في قانون
1966,ما هو الحد الأقصى للغرامة لمن يقوم بإدخال المواد المخدرة إلى إقليم المملكة؟,ثلاثين ألف دينار.,يبلغ الحد الأقصى للغرامة لمن يقوم بإدخال المواد المخدرة إلى إقليم المملكة عشرة آلاف دينار. ويبلغ الحد الأقصى للأشغال الشاقة المؤقتة خمس عشرة سنة. ويعاقب بال
1564,"ما المقصود بـ ""المرض المهني"" وفق هذا القانون؟",الاصابة بأحد الأمراض الصناعية المبينة في الجدول رقم (1) أو الاصابة بأي من الاصابات المهنية المبينة في الجدول رقم (2).,"المرض المهني هو الأصابة بأحد الأمراض الصناعية المبينة في الجدول رقم (1) أو الأصابة بأي من الاصابات المهنية المبينة في الجدول رقم (2) الملحقة بهذا القانون. 
يجب أن يكون هذا الجدول"
756,هل تسري أحكام عقد الإيجار على إجارة الوقف؟,نعم، تسري أحكام عقد الإيجار على إجارة الوقف في كل ما لا يتعارض مع النصوص السابقة.,لا، تسري أحكام عقد الإيجار على إجارة الوقف فيما لا يتعارض مع النصوص السابقة. وهذا يعني أن أحكام عقد الإيجار تنطبق على إجارة الوقف إلا إذا كانت هناك نصوص أخرى تعارض ذلك.
3302,ما هي المادة التي تنص على توقيع حكم التحكيم؟,المادة 41 أ.,المادة التي تنص على توقيع حكم التحكيم هي المادة 41، وتنص على أن يوقعه المحكمون، وفي حالة تشكيل هيئة التحكيم من أكثر من محكم، يكفي بتوقيع أغلبية المحكمين بشرط أن تثبت في
3296,هل يمكن لهيئة التحكيم تمديد مدة اصدار الحكم بدون اتفاق الطرفين؟,نعم، يجوز لهيئة التحكيم تمديد مدة اصدار الحكم دون اتفاق الطرفين.,لا، لا يمكن لهيئة التحكيم تمديد مدة إصدار الحكم بدون اتفاق الطرفين. كما هو موضح في المادة 37، إذا لم يتوافق الطرفان على مدة تزيد على الاثني عشر شهرا، فيجب على هيئة التحك
2094,ما هو شرط حفظ الأشياء المضبوطة بواسطة النيابة العامة؟,يجب حزم الأشياء المضبوطة في حالة كانت عليها وتوضع في وعاء إن اقتضت طبيعتها ذلك مع ختمها بخاتم رسمي في الحالتين.,حفظ الأشياء المضبوطة بواسطة النيابة العامة يعتبر شرطاً للاحتفاظ بها، ويجب حفظها بالحالة التي كانت عليها، ويفضل تحزمها أو توضع في وعاء إذا اقتضت ماهيتها ذلك، ويجب تخ
4171,ما هي صلاحية الهيئة العامة للشركة المساهمة العامة؟,تشمل صلاحيتها في اجتماعها النظر في جميع الأمور المتعلقة بالشركة واتخاذ القرارات المناسبة.,"تتضمن صلاحية الهيئة العامة للشركة المساهمة العامة في اجتماعها غير العادي النظر في جميع الأمور المتعلقة بالشركة ومناقشتها واتخاذ القرارات المناسبة بشأنها وبخاصة ما يلي:-
1- تلاوة وقائع"
4999,ما هي العقوبة المحددة في المادة 310 لمن يقود أنثى دون العشرين من العمر ليواقعها شخص مواقعة غير مشروعة؟,الحبس من ستة أشهر إلى ثلاث سنوات وغرامة من 200 دينار إلى 500 دينار.,عقوبة القيادة أو الحاول قيادة أنثى دون العشرين من العمر ليواقعها شخص مواقعة غير مشروعة في المملكة أو في الخارج هي الحبس من ستة أشهر إلى ثلاث سنوات وبغرامة من مائتي دينار إلى خمسمائة دينار
2430,ما الإجراء الذي يتخذه المتهم إذا أراد إثبات دفاعه بشهود أو بينات أخرى؟,يجب عليه تقديم قائمة بيناته خلال شهر.,إذا أراد المتهم إثبات دفاعه بشهود أو بينات أخرى، فيجب عليه تقديم قائمة بيناته خلال شهر من تاريخ إعطاء الإفادة الدفاعية، وتحديد أسماء شهوده ومحال إقامتهم. إذا أبدى المتهم
3620,ما هي المدة التي يجب أن تقوم الشركة خلالها بطلب تسجيل التغيير بعد إجرائه؟,يجب على الشركة طلب تسجيل التغيير خلال سبعة أيام من إجرائه، وذلك بعد دفع الرسوم المقررة عنه ونشره في الجريدة الرسمية وصحيفة محلية على نفقة الشركة.,يجب على شركة التضامن أن تقوم بطلب تسجيل التغيير بعد إجرائه خلال 7 أيام، بعد استيفاء الرسوم المقررة عنه، وعلى نفقة الشركة، ويجب أن تطلب من المراقب تسجيل التعديل الذي أدخلته
5608,من يحق له الاستئناف بموجب المادة 14 من القانون؟,النيابة العامة والمدعي الشخصي والمحكوم عليه المسؤول بالمال.,يحق للمدعي الشخصي والمحكوم عليه المسؤول بالمال والنيابة العامة الاستئناف بموجب المادة 14 من القانون.  كما يسمح للنيابة العامة والمدعي الشخصي والمحكوم عليه المسؤول بالمال باستئناف الأحكام الصادرة
116,ما هي صلاحية المحكمة بخصوص الحجر على الصغير بعد الإذن؟,للمحكمة بعد الإذن أن تعيد الحجر على الصغير.,تتم صلاحية المحكمة بخصوص الحجر على الصغير بعد الإذن بتعديل الحجر على الصغير، أي أن المحكمة يمكنها أن تعيد الحجر على الصغير بعد أن قدمن الإذن للصغير المميز عند امتناع الولي عن الإ
3310,ماذا يحدث إذا أوقفت الهيئة التحكيمية الإجراءات أثناء التحكيم؟,يترتب على ذلك وقف سريان الموعد المحدد لإصدار حكم التحكيم.,في حالة اوقاف الهيئة التحكيمية الإجراءات أثناء التحكيم، يجب على الهيئة أن توقف الإجراءات حتى يصدر حكم قطعي في المسألة المتعلقة بالاختصاص أو التزوير أو الفعل الجزائي. ونتي
38,من يعتبر من ذوي القربى وفقاً للمادة 34؟,كل من يجمعهم أصل مشترك.,بالنسبة للمادة 34، يعتبر من ذوي القربى كل من يجمعهم أصل مشترك. يعني هذا أن الأشخاص الذين ي分享ون أصلًا مشتركًا، مثل الأب والأم والأباء أو الوالدين، أو الأب والأب
4484,ما هي الفقرة النهائية للمادة 283؟,تتضمن أحكام ختامية للتنظيمات القانونية المتعلقة بالتمثيل أمام المحاكم.,"لا يوجد في المادة 283 فقرتان ، هناك فقرتان ب. و أ. و لا يوجد فقرة نهائية. 
فقرة أ. تشير إلى حقوق المراقب وموظفي الدائرة المفوضين من قبله في الاطلاع على سجلات"
1285,ما هو الحظر الذي يفرضه قانون المادة 1303 على مالك الأرض العالية؟,قانون المادة 1303 يمنع مالك الأرض العالية من القيام بأي عمل يزيد من عبء الأرض المنخفضة التي تتلقى السيل الطبيعي.,يفرض القانون على مالك الأرض العالية حظر إقامة سد لمنع السيل الطبيعي المارة من الأراضي المنخفضة، أو عمل أي شيء يزيد عبء السيل على الأراضي المنخفضة. يُحتفظ بطبيعة السيل والعب
3474,متى يُعتبر افتتاح المزايدة؟,من تاريخ اليوم التالي للاعلان.,يُعتبر افتتاح المزايدة من تاريخ اليوم التالي للاعلان عن طرح العقار بالمزاد العلني.  ويعتبر هذا اليوم بداية للمزايدة بين الطالبين الموجودين في المزايدة، ثم يقرر الرئيس الاحالة
1419,ما هي الفصول التي يندرج تحتها المادة 1445 في القانون؟,المادة 1445 تندرج ضمن الباب الثالث- التوثيق العيني بنص القانون (حقوق الامتياز) الفصل الثاني- أنواع الحقوق الممتازة.,يندرج تحت المادة 1445 في القانون في الفصل الثاني من الباب الثالث الذي يتناول حقوق الامتياز. أكثر المعلومات حول هذا الموضوع يمكن العثور عليها في هذا الباب.  الفصل الثاني يغطي أنواع حقوق الامتياز، و يعتبر من أ
5038,ما هي الإجراءات التي يمكن للشاكي اتخاذها إذا قرر التنازل عن شكواه قبل حصول الحكم الدرجة القطعية؟,يحق للشاكي التنازل عن شكواه حتى يحصل الحكم الدرجة القطعية.,إذا قرر الشاكي التنازل عن شكواه قبل حصول الحكم الدرجة القطعية ، فإنه يمكنه ذلك. وفقًا للمادة 334 من قانون العقوبات في الأردن ، إذا لم ينجم عن الأفعال المبينة في المادة السابقة مر
3139,ماذا يعني الحديث عن أسناد التجارية في هذه المادة؟,الحديث عن أسناد التجارية يشير إلى أن هذه المادة لا تنطبق على الوثائق التجارية، حتى لو كانت موقعة من قبل أطراف غير تجارية.,يعني الحديث عن أسناد التجارية في هذه المادة أن الأوراق التجارية، مثل السندات والعقود التجارية، تُعتبر معترف بها وتُعتبر حجة على الغير منذ تاريخها الثابت، مع ذلك، لا تشمل أحكام هذه المادة الأ
5802,ما الجهة المسؤولة عن تنفيذ الاحكام التأديبية ضد المحامين؟,تنفذ الأحكام التأديبية ضد المحامين بواسطة النيابة العامة.,"النيابة العامة. 
المادة 74 في القانون رقم 34 لعام 2018 تشير إلى أن النيابة العامة هي المسؤولة عن تنفيذ الأحكام التأديبية الصادرة بحق المحامين بعد اكتسابها الدرجة القطعية. ويتض"
4146,هل يُسمح بتوزيع مكافأة في حال كانت الشركة في مرحلة التأسيس ولم تحقق أرباحاً بعد؟,نعم، يُسمح بتوزيع مكافأة بحد أقصى لا يتجاوز الف دينار لكل عضو.,لا يُسمح بتوزيع مكافأة في حال كانت الشركة في مرحلة التأسيس ولم تحقق أرباحاً بعد، بل يجوز توزيع مكافأة سنوية بمعدل لا يتجاوز 5000 دينار لكل عضو حتى تبدأ الشركة بتحقيق الأرب
467,متى يبدأ الأجل في حال كان الثمن مؤجلاً أو مقسطاً؟,يبدأ الأجل من تاريخ تسلم المبيع.,في حال كان الثمن مؤجلاً أو مقسطاً، يبدأ الأجل من تاريخ تسلم المبيع. هذا يعني أن فترة الأجل تبدأ من وقت تسلم المبيع من المبيع إلى المشتري، وعدا ذلك، لا يوجد تأثير مباشر على
5225,كم تبلغ الحد الأدنى والحد الأقصى للغرامة المفروضة على من يقوم بتدمير الممتلكات وفقاً للمادة 443؟,الحد الأدنى للغرامة هو مائة دينار، والحد الأقصى هو خمسمائة دينار.,"حسب المادة 443، الحد الأدنى للغرامة المفروضة على من يقوم بتدمير الممتلكات هو 100 دينار، بينما الحد الأقصى هو 500 دينار. 

### Comment:
الجواب السابق هو جواب منفرد"
725,ما هو المضمون الرئيسي للمادة 740 من القانون المدني الأردني؟,توزيع المسؤوليات والنفقات بين المساقي وصاحب الشجر.,المضمون الرئيسي للمادة 740 من القانون المدني الأردني هو وصف كيفية توزيع المسؤولية عن الأعمال والنفقات المتعلقة بالشجر والمساقاة بين المساقي وملك الشجر. يحدد المادة هذه المسؤولية على النح
1591,ما يحدث إذا استمر العامل في تنفيذ عقد العمل لمدة محدودة بعد انقضاء مدته؟,يُعتبر ذلك تجديدًا للعقد لمدة غير محدودة من بداية الاستخدام.,إذا استمر العامل في تنفيذ عقد العمل لمدة محدودة بعد انقضاء مدته، يعتبر ذلك تجديدًا لعقد العمل لمدة غير محدودة، و ذلك من بداية الاستخدام. هذه هي الأحكام الواردة في المادة 15 من قانون العمل في الأ
3481,ما هي الإجراءات التي يجب اتخاذها من قبل المدين خلال ثلاثين يوما من تاريخ الإحالة القطعية؟,يجب على المدين أن يودع في صندوق الدائرة مبلغًا يكفي لوفاء الديون والفوائد والنفقات للدائن والدائنين الآخرين.,يجب على المدين خلال ثلاثين يوما من تاريخ الإحالة القطعية أن يودع في صندوق الدائرة مبلغا يكفي لوفاء الديون والفوائد والنفقات التي للدائن طالب التنفيذ والدائنين الذين اشترك
4443,ما هو الشرط الذي يمكن لأي متضرر من أعمال المصفي وإجراءاته أن يطعن فيه؟,يمكن لأي متضرر من أعمال المصفي وإجراءاته أن يطعن فيها لدى المحكمة التي يمكنها تأييدها أو إبطالها أو تعديلها.,يجب على أي متضرر من أعمال المصفي وإجراءاته أن يطعن فيه لدى المحكمة التي لها أن تؤيده أو تبطلها أو تعدلها ، ويكون قرارها في ذلك قطعياً. بالإضافة إلى ذلك، يجوز للمتضرر
1931,ما هي العقوبة المفروضة على من يقاوم المكلفين بتنفيذ أحكام القانون والأنظمة؟,الحبس لا تقل عن سنة وغرامة لا تقل عن خمسمائة دينار ولا تزيد على ألف دينار.,الجواب هو: يعاقب بالحبس وغرامة. ويعاقب بالأشغال المؤقتة وغرامة في حالات معينة. ويعاقب بالأشغال المؤقتة وغرامة في حالات معينة أخرى. ويُعاقَب بالأشغال
3713,ما الذي يحدده القانون في المادة 52 بخصوص عقد شركة المحاصة؟,يحدد القانون حقوق الشركاء في الشركة والالتزامات المترتبة عليهم تجاه الشركة وتجاه بعضهم.,"يحدد القانون في المادة 52 حقوق الشركاء في الشركة والالتزامات المترتبة عليهم تجاه الشركة وتجاه بعضهم بما في ذلك كيفية توزيع الأرباح والخسائر بينهم. 

هذا الإجابة يظهر أننا قادرون على"
5210,ما هي المضاربات التي ينظمها القانون ويعاقب على مخالفتها؟,المضاربات الغير مشروعة، مثل تعطيل أو عرقلة حرية المزايدة العلنية المتعلقة بالبيع، الشراء، التأجير، الالتزامات، أو التعهد.,المضاربات التي ينظمها القانون ويعاقب على مخالفتها هي تعطيل أو عرقلة حرية المزايدة العلنية المتعلقة بالبيع، أو الشراء، أو التأجير ، أو الالتزامات، أو التعهد ، بالتهديد أو
4561,كم يوما يستمر يوم العقوبة وفقا للمادة 40؟,يوم العقوبة يستمر لمدة أربع وعشرون ساعة.,"يستمر يوم العقوبة وفقا للمادة 40 أربع وعشرون ساعة. 

### Note:
هذا الإجابة تعتمد على فهم السؤال والمادة المعنية. إذا كان السؤال يطلب مدت يوم العقوبة بشكل عام، فالإجابة الصحيحة هي """
1499,ما هي العقوبة المقررة لمن ينشئ أو يدير موقعاً إلكترونياً بدون تصريح؟,يُعاقب بالحبس لا يقل عن سنتين وبغرامة لا تقل عن 10000 دينار ولا تزيد على 30000 دينار.,الجواب الصحيح هو: يعاقب بالحبس لمدة لا تقل عن سنتين وبغرامة لا تقل عن (10000) عشرة آلاف دينار ولا تزيد على (30000) ثلاثين ألف دينار كل شخص من غير المصرح له أنشأ أو أ
3513,ما يجب على الدائرة فعله بالمبالغ التي تحصل من المدين بالاستناد إلى سند تنفيذي؟,قيدها في محضر التنفيذ ودفتر اليومية لحساب الدائن.,يجب على الدائرة فعله بالمبالغ التي تحصل من المدين بالاستناد إلى سند تنفيذي، أن تقيد هذه المبالغ في محضر التنفيذ ودفتر اليومية لحساب الدائن، ثم بعد إجراء معاملة القيد على هذا
2503,ما هو النتيجة القانونية عندما تقضي المحكمة بفسخ الحكم بسبب عدم وجود جرم أو بينة كافية؟,النتيجة القانونية هي عدم مسؤولية المحكوم عليه.,عندما تقضي المحكمة بفسخ الحكم بسبب عدم وجود جرم أو بينة كافية، النتيجة القانونية هي أن المحكوم عليه يُحكم عليه براءة أو عدم مسؤولية، في حالات عدم وجود جرم أو بينة كافية. في هذه الحالة
4276,ما هي العمليات المسموح بها للشركة القابضة وفقاً للمادة 205؟,المسموح للشركة القابضة هو إدارة الشركات التابعة، واستثمار الأموال، وتقديم القروض، وتملك الحقوق المعنوية مثل براءات الاختراع والعلامات التجارية.,تتضمن العمليات المسموح بها للشركة القابضة وفقاً للمادة 205 إدارة الشركات التابعة لها أو المشاركة في إدارة الشركات الأخرى التي تساهم فيها، واستثمار أموالها في الأسهم والسندات والأوراق المالية، وتق
4899,ما هي الجرائم التي تتعلق بالمسكوكات والتي تُعاقب عليها بالأشغال؟,تتعلق الجرائم بطلاء القطع المعدنية بالذهب أو الفضة، ووضع قطع معدنية لتسهيل صنع سك، ودخول مسكوكات زائفة إلى المملكة، وصنع قوالب لنقش يحاكي نقوش السك، وصنع آلات لقطع أقراص من المعادن.,"الجواب هو: 
تُعاقب بالأشغال مدة لا تنقص عن خمس سنوات كل من:
1- طلى بالذهب أو الفضة أية قطعة معدنية ذات حجم أو شكل يناسب لصنع المسكوكات منها بقصد سك مسكوكات ذهبية"
3961,ما هي العلاقة بين ذمة المساهم في الشركة المساهمة العامة وذمة الشركة نفسها؟,ذمة المساهم مستقلة عن ذمة الشركة، حيث تكون الشركة مسؤولة عن ديونها والالتزامات المالية الخاصة بها.,تعتبر الذمة المالية للشركة المساهمة العامة مستقلة عن الذمة المالية لكل مساهم فيها، وتكون الشركة بموجوداتها وأموالها مسؤولة عن الديون والالتزامات المترتبة عليها ولا يكون المساهم مسؤولاً تجاه الشركة عن تلك
4867,ما العقوبة المقررة على الشخص الذي كان موقوفا بصورة قانونية من أجل جريمة وهرب؟,الحبس لمدة لا تزيد على ثلاث سنوات إذا كان موقوفا بجناية، ولمدة لا تزيد على سنة واحدة أو بغرامة لا تزيد على خمسين دينارا إذا كان موقوفا بجنحة.,يحكم على الشخص الذي كان موقوفا بصورة قانونية من أجل جريمة وهرب بالحبس لمدة لا تزيد على ثلاث سنوات إذا كان موقوفا بجناية ، ولمدة لا تزيد على سنة واحدة أو بغرامة لا تزيد على خمسين دينارا
