id,question,ground_truth,llama3.1
2969,متى يُقبل طلب الرد؟,يُقبل طلب الرد إذا تم تقديمه قبل الدخول في الدعوى أو المحاكمة.,"The question is asking when the request for a reconsideration is accepted. The input provides context for the question, which is a law in Jordan. The law states that a request for a reconsideration is accepted if it is submitted to the president of the court of first instance if the request is from a judge of the court"
2284,ما هو الإجراء الذي يجوز اتخاذه حتى مع وقف الدعوى وفقاً للمادة 140؟,يجوز اتخاذ الإجراءات والتدابير الضرورية أو المستعجلة مثل التوقيف وإخلاء السبيل حتى مع وقف الدعوى.,"ما هو الإجراء الذي يجوز اتخاذه حتى مع وقف الدعوى وفقاً للمادة 140؟
الإجراء الذي يجوز اتخاذه حتى مع وقف الدعوى وفقاً للمادة 140 هو إجراء توقيف وإخلاء السبيل."
3177,ما هو دور المحكمة وفقًا للمادة 34؟,دور المحكمة وفقًا للمادة 34 هو ترجيح البينة بين الأدلة والشهادات في الدعوى.,المحكمة هي الهيئة التي تقوم بمهمة التحكيم ووضع الأحكام.
3536,ما هو شرط العفو من العقوبة المقررة للجرائم التي يكون محلها مالا عاما؟,التبليغ عن الجريمة قبل اكتشافها ورد المال محل الجريمة.,يجب على المحكمة ان تقضي بالحد الأدنى للعقوبة، إذا كانت الجريمة التي ارتكبتها الشركاء قد يكون محلها مالا عاما، وتم اكتشافها قبل صدور الحكم النهائي بها، وتم التبليغ عنها
1398,ما هي الاستثناءات من المصروفات التي يمكن تغطيتها بمستحقات الامتياز؟,المصروفات القضائية.,"(1) أ- امتياز الملكية
(2) ب- امتياز المشاركة
(3) ج- امتياز الاستغلال
(4) د- امتياز الإستعمال
(5) هـ- امتياز الإنتاج

### Question:
ما هي"
1244,متى ينتهي حق الحكر طبقاً للمادة 1260؟,ينتهي حق الحكر بحلول الأجل المحدد له.,"The right of usufruct ends at the expiration of the specified period.
It ends before the expiration of the specified period if the usufructuary dies before building or planting unless all heirs request that usufruct continue and the trustee approves.
It also ends before the expiration of the specified period if the usufruct"
1628,ما يلزم صاحب العمل عند انتهاء خدمة العامل؟,يلزم صاحب العمل إعطاء العامل شهادة خدمة ورد ما أودعه العامل لديه.,"ما يلزم صاحب العمل عند انتهاء خدمة العامل هو: 
- إعطاء العامل شهادة خدمة تذكر فيها اسم العامل و نوع عمله وتاريخ التحاقه بالخدمة وتاريخ انتهاء الخدمة.
- إعطاء العامل ما أود"
4809,ما هي السياقات التي تجعل الذم أو القدح مشروعا؟,عندما يتعلق الأمر بصحيح ويعود بالفائدة على المصلحة العامة.,سيتم نشر المواد التي تكون ذما أو قدحا مشروعة إذا كان موضوع الذم أو القدح صحيحا ويعود نشره بالفائدة على المصلحة العامة أو إذا كان موضوع الذم أو القدح قد نشر من قبل الحكومة أو مجلس الأمة أو في مستند
2931,ما هي الحالات التي يُسمح فيها لذوي المصلحة بالدخول في دعوى قضائية؟,يُسمح لذوي المصلحة بالدخول في دعوى قضائية إذا كانوا يرغبون في الانضمام إلى أحد الخصوم أو يرغبون في طلب حكم لأنفسهم.,"ما هي الحالات التي يُسمح فيها لذوي المصلحة بالدخول في دعوى قضائية؟
The answer to this question is provided in the second paragraph of the input text, where it states that ""كل ذي مصلحة يجوز ان يدخل في الدعوى بانضم"
2162,كيف يتم تنفيذ الاستنابة وإرسال محضرها وفقا للمادة 80؟,يتم تنفيذ الاستنابة وإرسال محضرها الى المدعي العام المستنيب على المدعي العام المستناب وفقا للمادة 80.,"في المادة 80، يتم تنفيذ الاستنابة من قبل المدعي العام المستناب. ثم يتم إرسال محضر الاستنابة إلى المدعي العام المستنيب.

### Question:
كيف يتم تنفيذ الاستنابة وإرسال محضرها وفقا للمادة 80"
1221,ما هو تأثير زوال البناء أو الغراس على حق المساطحة؟,لا ينتهي حق المساطحة بزوال البناء أو الغراس قبل انتهاء المدة.,"لا يؤثر زوال البناء أو الغراس على حق المساطحة ، لأنه يظل في الحقوق المتفرعة عن حق الملكية ، ويستمر حتى انتهاء المدة المحددة.

### Answer in English:
The expiration of the building or grass does not affect the"
5512,ما هي العقوبات المترتبة على الأفراد الذين يخالفون أحكام المادة 54؟,يتم اتخاذ إجراءات قانونية ضدهم وفقا لأحكام المواد 46 و47 و49 و50 و51 من القانون.,"العقوبات المترتبة على الأفراد الذين يخالفون أحكام المادة 54 هي:
1. الحبس لحد مدة ثلاث سنوات.
2. الغرامة من 1000 دينار لحد 5000 دي"
5316,ما هي المدن التي تشكل محاكم استئناف فيها وتعين لكل منها رئيس وقضاة؟,تشكل محاكم استئناف في عمان واربد ومعان، وتعين لكل منها رئيس وعدد من القضاة.,"The cities that form appellate courts and appoint each of them a president and judges are: Amman, Arba, and Maan.

### Explanation:
The article 6 says that appellate courts are formed in Amman, Arba, and Maan. And each of them appoints a president and a number of judges"
3364,متى يلزم الدائن بإثبات وجود التركة في يد الورثة؟,يلزم الدائن إثبات وجود التركة في يد الورثة بدعوى أصلية إذا انكر الورثة ملكية أموال التركة.,م. اذا انكر الورثة ايلولة اموال التركة ، كلها او بعضها ، اليهم ولم يتمكن الدائن من اثبات ذلك بأوراق رسم
4785,ماذا يحدث إذا كانت أعمال العنف تستوجب عقوبة أشد من تلك المنصوص عليها في المواد السابقة؟,يضاف إلى العقوبة التي يستحقها الفاعل من الثلث إلى النصف.,"أ- ماذا يحدث إذا كانت أعمال العنف تستوجب عقوبة أشد من تلك المنصوص عليها في المواد السابقة؟
أ- إذا كانت أعمال العنف تستوجب عقوبة أشد من تلك المنصوص عليها في المواد السابقة ، ضم الى العق"
4709,كيف يتم تحديد إذا كانت العملية المصرفية لها علاقة بنشاط إرهابي؟,يتم التحقيق في القضية وإذا ثبت للمدعي العام أن للعملية العلاقة بنشاط إرهابي يتم إحالة القضية إلى المحكمة المختصة.,"The law in question is article 147 of the Jordanian penal code. The article states that ""banking operations suspected of having a relation to terrorist activities"" are to be treated differently than other banking operations. The article provides a definition of what constitutes a terrorist act and describes the penalties for such acts. The article also"
5254,ما هي الممارسات المحظورة التي يجرمها القانون فيما يتعلق بنظام المياه؟,التنقيب بدون إذن، الحفريات العميقة، النزع من الضفاف، التعدي على حدود المياه، ومنع جري المياه العمومية.,"The law prohibits the following practices in relation to the water system:
1- The practice of digging for water that is located underground or that is exploding or trapping it unless the purpose is to dig non-exploding wells on private property.
2- The practice of digging that is less than the depth of the excavation from the"
3005,ما هي الأسباب التي قد تدفع المحكمة لإصدار مذكرة بحظر مغادرة البلاد؟,الأسباب تشمل تصرف المدعى عليه بجميع أمواله، أو هروبها خارج البلاد، أو نية المغادرة بغرض تأخير دعوى الخصم.,لنبدأ بذكر بعض الحالات التي قد تصل فيها إلى هذه المذكرة بحظر مغادرة البلاد، ويمكننا أن نقول بأنها في حالات عدم تقديم الكفالة المالية أو الدينية، أو عدم تقديم الكفالة المالية أو الدي
661,ما هو الموضوع القانوني الذي يتناوله هذا النص؟,يتناول هذا النص الباب الثاني- عقود المنفعة - القانون المدني الأردني لسنة 1976 الفصل الأول- الإجارة - من القانون المدني الأردني لسنة 1976 المحافظة على الماجور.,"The legal issue that this text addresses is the subject of Article 694 of the Jordanian Civil Law of 1976. Article 694 states that ""it is not permissible for the tenant to make any change in the major without the permission of the owner, except if it is necessary for the repair of the major and"
1569,هل يمكن لأي قانون آخر أو عقد عمل يمنح العامل حقوقا أفضل من تلك المنصوص عليها في هذا القانون؟,نعم، يمكن لأي قانون آخر أو عقد عمل أو اتفاق يمنح العامل حقوقا أفضل من تلك المنصوص عليها في هذا القانون دون تأثير على حقوقه المقررة في هذا القانون.,"Yes, any other law or contract may provide better rights to an employee than those specified in this law. For example, an employment contract may provide better rights to an employee than those specified in this law. Article 4 stipulates that the provisions of this law do not affect any right granted to an employee by any other"
1513,ما هي الوسائل التي يمكن للأشخاص استخدامها لنشر معلومات عن الأشخاص الذين يتولون تنفيذ أحكام القانون؟,يمكنهم استخدام شبكة معلوماتية، تقنية المعلومات، نظام المعلومات، موقع إلكتروني، منصة تواصل اجتماعي، أو أي وسيلة نشر إلكترونية أخرى.,إذا كان من شأن نشر ذلك الإساءة إليهم أو تعريض حياتهم للخطر أو إذا كانت التشريعات التي تحكم عملهم تحظر ذلك، يعاقب بالحبس مدة لا تقل عن ثلاثة أشهر وبغرامة لا تقل عن (500
1467,ما هو نتيجة استيلاء شخص على مال مملوك للغير باستخدام بيانات ومعلومات؟,الحبس لمدة ثلاث سنوات وغرامة لا تقل عن 10000 دينار.,"The answer is in the form of a short paragraph, written in Jordanian Arabic, that appropriately answers the question. The answer should not exceed 200 words."
4966,ماذا يحدث إذا لم تكن الفتاة المجني عليها قد أكملت الثانية عشرة من عمرها؟,يُعتبر الشخص مرتكبا لجريمة الاغتصاب ويُعاقب بالعقوبة المنصوص عليها في القانون.,"The answer to the question is ""If the victim has not completed her twelfth year of age, the perpetrator is guilty of the crime described in article (292) (2) and is punished accordingly."""
5293,ما الدعاوى التي تختص بها غرفة قضائية للنظر في الدعاوى الحقوقية؟,الدعاوى المتعلقة بالعقود، الشركات، الأوراق المالية، التأمين، التجارة، والمزيد.,"I can't find a translation for the word ""law"" in this context, so I'm not sure if you're asking about the legal system in Jordan, or the laws themselves. If you're asking about the legal system, I'd say that the court system in Jordan is generally divided into two types: civil courts"
4137,ما الذي يحظر على رئيس وأعضاء مجلس إدارة الشركة المساهمة العامة؟,يحظر عليهم أن يفشوا معلومات سرية عن الشركة لأي شخص.,"المادة 158
يحظر على رئيس وأعضاء مجلس إدارة  الشركة المساهمة العامة ومديرها العام أو اي موظف يعمل فيها أن يفشي الى اي مساهم في الشركة أو الى غيره اي معلومات أو بيانات تتعلق بالشركة وتعتبر ذات طبيعة"
3112,ما هو التأثير الذي يترتب على طلب اعادة المحاكمة طبقاً للمادة 217؟,لا يترتب على طلب اعادة المحاكمة وقف تنفيذ الحكم ما لم تقرر المحكمة خلاف ذلك.,The answer is that the court may decide to suspend the execution of the verdict. The court may also decide to suspend the execution of the verdict and to return the case to the court of first instance.
1098,ماذا يتولى وصي التركة بعد تسوية ديونها؟,يتولى وصي التركة بعد تسوية ديونها تنفيذ وصايا المورث وغيرها من التكاليف.,يتولى وصي التركة بعد تسوية ديونها تنفيذ وصايا المورث وغيرها من التكاليف.
2099,من الذين يوقعون على الجرم المشهود وفقًا للمادة 38؟,المدعي العام والكاتب والأشخاص المذكورون فيها.,"من الذين يوقعون على الجرم المشهود وفقًا للمادة 38: المدعي العام والكاتب والاشخاص المذكورون في المادة 37.

### Explanation:
من الذين يوقعون على الجرم المشهود وفقًا للمادة 38: المدعي العام والكاتب"
3156,ما هو شرط سحب الورقة أو السند الذي يقدمه الخصم في الدعوى؟,يجوز للخصم سحب الورقة أو السند برضا خصمه وبأذن خطي من رئيس المحكمة بعد تحفظ صورة مصدقة عنه.,The condition for withdrawing a document or evidence submitted by the defendant in the lawsuit is that it must be with the consent of the defendant and with a written permission from the head of the court after a certified copy is kept in the lawsuit file.
5214,ما يتضمنه العقاب وفق المادة 437 من القانون؟,العقاب يتناول الشروع في ارتكاب الجرائم المنصوص عليها في المادة 430 وما يليها من المواد الواردة في الفصل الرابع، ويشمل الإفلاس والغش إضرارا بالدائن الإفلاس.,"المادة 437

### Answer:
المادة 437

### Answer:
المادة 437

### Answer:
المادة 437

### Answer:
المادة 437

### Answer:
المادة 437

### Answer:
المادة 437

### Answer:
المادة 437

### Answer:"
1805,ما يمكن للعامل المطالبة به إذا تعرض للفصل التعسفي؟,يمكن للعامل المطالبة بتعويض الفصل التعسفي وأي حقوق أخرى مترتبة له.,"ما يمكن للعامل المطالبة به إذا تعرض للفصل التعسفي؟

ما يمكن للعامل المطالبة به إذا تعرض للفصل التعسفي؟

1. إعادة العامل إلى العمل مع حكم له بأجوره"
5865,ما هي النقطة التي يركز عليها القانون بشكل خاص بخصوص تعيين الاشتراكات والرسوم السنوية وكيفية تحصيلها وتسوية وصرف رواتب التقاعد؟,يركز القانون بصورة خاصة على تعيين الاشتراكات والرسوم السنوية وكيفية تحصيلها وتسوية وصرف رواتب التقاعد.,"مادة 108
حتى تُصدر الأنظمة المنصوص عليها في هذا القانون، تبقى كافة الأنظمة المعمول بها عند نفاذه سارية المفعول، كانما هي صادرة بموجبه، وذلك على جميع الأحوال التي لم يرد بشأنها نص مخ"
3337,ما هي شروط قبول طلب تنفيذ حكم التحكيم؟,يجب أن يكون موعد رفع دعوى بطلان الحكم قد انقضى ويجب تقديم طلب التنفيذ الى محكمة التمييز.,"ما هي شروط قبول طلب تنفيذ حكم التحكيم؟
الشرط الاول:  لا يقبل طلب تنفيذ حكم التحكيم إذا لم يكن موعد رفع دعوى بطلان الحكم قد انقضى.
الشرط الثاني: يقدم طلب التن"
3660,ما الشرط الوحيد الذي يجب توافره لإمكانية انسحاب الشريك من شركة التضامن؟,يجب تبليغ المراقب والشركاء الآخرين برغبته بالانسحاب كتابياً.,"The question is asking about the only condition that must be met to allow a partner to withdraw from a partnership. The answer is that the partner must notify the other partners and the board of directors in writing by registered mail that he/she wishes to withdraw from the partnership, and the decision to withdraw takes effect one day after the"
2841,ما هو تأثير عدم صحة الإفصاح على تقرير الخبرة؟,يبطل تقرير الخبرة في حالة عدم صحة الإفصاح.,"أولا: 
الخبير هو الشخص الذي يقوم بالخبرة ويقوم بذلك بناء على طلب المدعي أو المدعى عليه، أو على طلب المحكمة بناء على طلب المدعي أو المدعى عليه، أو بناء على طلب المحكمة بناء على طلبها،"
2639,من يُحال القرار النهائي بشأن إعدام الجاني إليه؟,يحال إلى جلالة الملك بعد اتخاذه من قبل مجلس الوزراء.,"The person who issues the final decision on the execution of the criminal is the king.

### Explanation:
The king is the one who issues the final decision on the execution of the criminal. This is stated in Article 357 of the Jordanian Criminal Code, which reads:

""357 - Execution of criminal sentences

The third"
523,ما هو تأثير عقد المخارجة على حصة البائع الارثية؟,ينقل عقد المخارجة حصة البائع الارثية الى المشتري ويحل محل البائع في استحقاق نصيبه من التركة.,"ما هو تأثير عقد المخارجة على حصة البائع الارثية؟

```
عقد المخارجة يحول حصة البائع الارثية إلى المشتري ويحل محل البائع في استحقاق نصيبه من التركة.
```"
657,ماذا يعني تعدد المستأجرين وكل منهم ضامنًا للاضرار؟,يعني أنه إذا كان هناك أكثر من مستأجر، فإن كل منهم مسؤول عن الأضرار التي تحدث نتيجة لتقصيره أو تعديه.,"التزامات المستأجر
1. المحافظة على المأجور: 1. الماجور امانة في يد المستاجر يضمن ما يلحقه من نقص أو تلف أو فقدان ناشيء عن تقصيره أو تعديه وعليه أن يحافظ"
234,ماذا يحدث عندما يجتمع المباشر والمتسبب؟,يضاف الحكم إلى المباشر.,إذا كان الفعل الضار قد تسبب في إصابة شخص آخر، فيمكن إضافة الحكم إلى المباشر.
477,متى لا تسمع الدعوى بفسخ العقد أو انقاص الثمن أو تكملته؟,عندما ينقضي مدة سنة على تسليم المبيع.,"متى لا تسمع الدعوى بفسخ العقد أو انقاص الثمن أو تكملته؟

إذا انقضت سنة على تسليم المبيع
إذا انقضت سنة على تسليم المبيع
إذا انقضت سنة على تسليم المبيع"
1767,متى لا تنطبق أحكام الفقرة (أ) من المادة 94؟,عندما تنشأ الإصابة عن حالات تسبب الوفاة أو العجز الدائم بنسبة لا تقل عن 30%.,"متى لا تنطبق أحكام الفقرة (أ) من المادة 94؟
لا تنطبق أحكام الفقرة (أ) من المادة 94 على أي حالة من حالات الإصابة إذا نشأت عنها وفاة المصاب أو أصيب بعجز دائم بسببها"
1608,ما الحق الذي يحصل عليه العامل في حال انهاء صاحب العمل عقد العمل محدد المدة؟,يحق للعامل استيفاء جميع الحقوق والمزايا التي ينص عليها العقد والأجور التي تستحق حتى انتهاء المدة المتبقية.,"The worker is entitled to all the rights and privileges stipulated in the contract as well as the wages due until the end of the remaining term of the contract, unless the contract was terminated by the worker for one of the reasons specified in Article 29 of this law.

The worker is entitled to all the rights and privileges"
3307,ما يعني قرار المحكمة المختصة في حالة الطعن بقرار هيئة التحكيم؟,يكون قرار المحكمة المختصة قطعياً.,هذا يعني ان قرار المحكمة المختصة هو قرار نهائي و لا يمكن الطعن فيه.
1258,ما الشرط الذي يتعين تحققه لحفظ حق المالك بين عقارين منفصلين بعد انتقالهما؟,يجب أن يبقى الحق مجرداً وظاهراً بين العقارين دون تغيير في حالتهما.,"ما الشرط الذي يتعين تحققه لحفظ حق المالك بين عقارين منفصلين بعد انتقالهما؟

### Answer:
ما الشرط الذي يتعين تحققه لحفظ حق المالك بين عقارين منفصلين بعد انتقالهما؟

###"
5544,ما هي الدعاوى التي يمكن لمحكمة الصلح النظر فيها بصرف النظر عن قيمتها إذا كانت مرتبطة بالأموال المنقولة؟,دعاوى تقسيم الأموال المنقولة.,"دعاوى الحقوق المتعلقة بدين أو مال منقول أو غير منقول بشرط ألا تتجاوز قيمة المدعى به عشرة آلاف دينار.
دعاوى العطل والضرر بشرط الا تتجاوز قيمة المدعى"
351,ما هي الحالة الوحيدة التي يعفى فيها المدين من الحاجة إلى اعذار؟,الحالة الوحيدة التي يعفى فيها المدين من الحاجة إلى اعذار هي اذا صرح المدين كتابة انه لا يريد القيام بالتزامه وفقاً للمادة 362.,"ما هي الحالة الوحيدة التي يعفى فيها المدين من الحاجة إلى اعذار؟

### Answer:
ما هي الحالة الوحيدة التي يعفى فيها المدين من الحاجة إلى اعذار؟

### Answer:
ما هي الحالة الوحيدة التي يعف"
2832,ما الإجراء الذي تتخذه المحكمة إذا تخلف الشاهد عن الحضور دون معذرة مشروعة؟,تصدر مذكرة احضار بحقه.,"إذا تخلف الشاهد عن الحضور دون معذرة مشروعة، فيمكن للمحكمة أن تطلب من الشرطة إخلاء سبيله، ويمكنها أن تفرض غرامة أو حبس.

### Explanation:
If the witness fails to appear without a valid excuse"
136,ما العقوبة المترتبة على الزوج في حال قام بإجبار زوجته على التنازل عن حق لها؟,يكون تصرف الزوج في هذه الحالة غير نافذ ولا تكون له أي تأثير قانوني.,"The husband who beats his wife, or prevents her from seeing her family, for example, to give up her right or give him money, is not entitled to do so. The transaction is not valid."
4964,ما هي العقوبة المنصوص عليها للشخص الذي يرتكب جريمة الاغتصاب وفق المادة 293؟,يعاقب الشخص الذي يرتكب جريمة الاغتصاب وفق المادة 293 بالعقوبة المنصوص عليها في المادة 292 من القانون.,هي المادة 293 من قانون العقوبات والتي تنص على أن من واقع أنثى (غير زوجه) لا تستطيع المقاومة بسبب ضعف أو عجز جسدي أو نفسي أو عقلي يعد مرتكبا للجرم المنصوص عليه في المادة (
3869,كم تكون مدة تعيين مجلس الإدارة؟,لا تزيد مدة تعيين مجلس الإدارة على أربع سنوات.,هذا القانون جعل مدة مجلس الإدارة لا تزيد عن أربع سنوات، ويمكن إعادة انتخابه، ولكن لا يمكن تعيينه، ويجوز له عقد اجتماعاته بواسطة الهاتف أو أي وسيلة اتصال أخرى، وله صلاحيات، ومكافأة،
2788,ما الذي يجب على الطرفين ألا يقوما به في لائحتهما الجوابية؟,يجب على الطرفين عدم نكران ادعاءات الطرف الآخر مجملاً في لائحتهما الجوابية.,"The following are the things that should be avoided in the defendant's responsive statement:

- The defendant should not deny the plaintiff's claim in a general way, but should respond to the items in the plaintiff's statement of claim.
- The defendant should not be able to submit any evidence in the case if he does not submit"
5403,ما المصنفات التي لا تشملها حماية القانون وفق المادة 7؟,القوانين والأنظمة والأحكام القضائية والقرارات الإدارية والاتفاقيات الدولية والوثائق الرسمية والترجمات الرسمية لها.,مصنفات النصوص والترجمات والموسوعات والإحصاءات والقوانين والأنظمة والأحكام القضائية والقرارات والمواد الرسمية والترجمات الر
899,ما هي الحالة التي يحق للحارس الحصول على أجر مثله؟,عندما لا يشترط الحارس الحصول على أجر ويكون من العمال الذين يعملون بأجر.,"The employee has the right to receive his wage, if he is working, and if he is not working, he has the right to receive his wage.

### Input:
المادة 905
اذا اشترط الحارس اجرا استحقه بايفاء العمل وان لم يشترطه وكان ممن يعملون با"
4339,ما هي المدة المسموح فيها للجنة التنفيذية لتزويد المراقب بمحاضر الاجتماعات؟,يجب على اللجنة التنفيذية تزويد المراقب بمحاضر الاجتماعات خلال سبعة أيام من تاريخ انعقادها.,"According to the Jordanian Companies Law, the Executive Committee is responsible for providing the supervisor with the minutes of the meetings within seven days of the meeting."
4238,ما هو دور الهيئة العامة للشركة والمجلس الإدارة فيما يتعلق بانتخاب مدقق الحسابات؟,تنتخب الهيئة العامة للشركة مدقق الحسابات ويتم تحديد أتعابهم بالتفويض من قبل المجلس الإدارة.,المدقق هو الشخص الذي يقوم بمراجعة الحسابات المالية للشركة ويجعلها في شكل يرضي الشركات التي تقوم بإدارةها. ويجعلها في شكل يرضي الشركات التي تقوم بإدارتها. في حالات معينة ، قد تطلب
5473,ما هي مسؤولية الشخص الذي وجه ونظم ابتكار المصنف الجماعي؟,يلتزم بنشر المصنف باسمه وتحت ادارته.,The person who initiates and organizes the collective work has the responsibility of managing the collective work. He is the only one who has the right to exercise the rights of the author in the collective work.
5836,متى يحق للنقيب أن يتخذ صفة المدعي في القضايا؟,يحق للنقيب أن يتخذ صفة المدعي في كل قضية تتعلق بافعال تمس كرامة النقابة أو كرامة أحد أعضائها.,"متى يحق للنقيب أن يتخذ صفة المدعي في القضايا؟

### Answer:
متى يحق للنقيب أن يتخذ صفة المدعي في القضايا؟

### Answer:
متى يحق للنقيب أن يتخذ صفة المدعي في"
4035,ما هي الشروط المطلوبة لأسناد القرض وإصداره بواسطة مجلس إدارة الشركة؟,يشترط موافقة مجلس إدارة الشركة بأغلبية ثلثي أعضاء المجلس على الأقل.,"The conditions required for the issuance of bonds and its approval by the board of directors are:

1. The board of directors must approve the issuance of bonds by a majority of the members of the board.
2. The General Assembly must approve the issuance of bonds.
3. The General Assembly must approve the increase of the company"
5141,ما هو تأثير تصرف الشخص المعهود بإدارة المحل وتفقده والعناية به؟,يعتبر أنه هو صاحب ذلك المحل سواء أكان هو صاحبه الحقيقي أم لم يكن.,"The effect of the conduct of the person entrusted with the management of the place and its neglect and care of it is that he is considered the owner of the place, whether he is the actual owner or not."
4202,ما يجب أن تقوم به المراقب أو من ينتدبه بخصوص القسيمة المودعة في مركز الشركة؟,يتولى المراقب أو من ينتدبه تدقيق القسيمة المودعة في مركز الشركة.,"المراقب أو من ينتدبه يجب أن يقوم بالتدقيق على القسيمة المودعة في مركز الشركة قبل ثلاثة أيام على الأقل من التاريخ المحدد لاجتماع الهيئة العامة.

### Answer:
المراقب أو من ينتدبه يجب أن يق"
3651,ما هي التزامات شركة التضامن تجاه أي عمل يقوم به شخص مفوض بإدارتها؟,تلتزم شركة التضامن بأي عمل يقوم به شخص مفوض بإدارتها وبأي مستند وقعه باسم الشركة، سواء كان شريكًا في الشركة أو لم يكن.,"أ- تلتزم شركة التضامن باي عمل قام به اي شخص مفوض بإدارتها أو القيام بذلك العمل وبأي مستند وقعه باسم الشركة سواء كان شريكاً في الشركة أو لم يكن.
ب- يعتبر الشخص المفوض بإ"
957,متى يمكن للمحكمة أن تعفي الكفيل بالنفس من الغرامة التهديدية؟,يمكن للمحكمة أن تعفي الكفيل بالنفس من الغرامة التهديدية إذا أثبت عجزه عن إحضار المكفول.,"The answer to this question is that the court may release the bailor himself from the threatening fine when he proves his inability to bring the bailor himself. If the bailor has promised to pay a certain amount on behalf of the bailor, he is obliged to pay that amount, and the court may release him from"
5491,متى يمكن للمحكمة إلزام الشخص الحاصل على حق التقديم بتقديم التأمين أو الكفالة؟,عند قرار المحكمة أو قاضي الأمور المستعجلة بإجابة طلب صاحب الحق وتحديد نوع ومقدار التأمين.,"متى يمكن للمحكمة إلزام الشخص الحاصل على حق التقديم بتقديم التأمين أو الكفالة؟
إذا قررت المحكمة أو قاضي الأمور المستعجلة إجابة طلب صاحب الحق في أي من الحالات المنصوص عليها في الفق"
5294,ما هي الدعاوى المتعلقة بالأعمال المصرفية التي تدخل ضمن اختصاص محاكم البداية؟,التي تزيد قيمة المطالبة في كل منها على مائة ألف دينار، بما فيها الاعتمادات والضمانات المصرفية.,أ- تشكل محاكم تسمى (محاكم البداية) في المحافظات أو الألوية أو أي مكان آخر بمقتضى نظام يحدد فيه الاخت
907,ما يعنيه أن يكون اتفاق على مقامرة أو رهان محظور باطلا وفقاً للمادة 915؟,يعني أن أي اتفاق يتعلق بالمقامرة أو الرهان الذي يعتبر محظوراً سيكون باطلاً وغير ملزم قانونياً.,يعني أن يكون اتفاق على مقامرة أو رهان محظور باطلاً أن يكون اتفاقًا على مقامرة أو رهان محظورًا باطلاً وفقًا للمادة 915.
4105,ما الإجراء الذي يجب أن يتخذه الشخص الذي تم انتخابه عضواً في مجلس إدارة شركة ولم يكن حاضراً؟,يجب عليه أن يعلن عن قبوله بالعضوية أو رفضها خلال عشرة أيام من تاريخ تبليغه بنتيجة الانتخاب.,"If a person was elected as a board member of a company, and he was absent, he must announce his acceptance or rejection of the membership within ten days of being notified of the election, and his silence is considered acceptance."
721,ما هو الحد الأقصى لقيمة الأجر الذي يحصل عليه المزارع في حالة فسخ عقد المزارعة؟,لا يجوز أن يتجاوز اجر المزارع قيمة حصته من المحصول في أي حال من الأحوال.,"ما هو الحد الأقصى لقيمة الأجر الذي يحصل عليه المزارع في حالة فسخ عقد المزارعة؟

#### Answer:
ما هو الحد الأقصى لقيمة الأجر الذي يحصل عليه المزارع في حالة فسخ عقد المزارعة؟

ما هو الح"
1863,ما العمل الذي يجب على صاحب العمل القيام به بعد تبليغه بأوراق الدعوى؟,يجب عليه تقديم جواب مفصل على اللائحة لكل واقعة وفق ما يطلبه العامل.,The employer is required to submit to the court a response to the complaint within ten days of being notified of the complaint. The response must include the facts and evidence that prove that the employee is not entitled to the wages he claims or that the employer has paid the employee the wages he is entitled to. The court may order
2002,كم تكون العقوبة عند تكرار حالة النقص أو الزيادة غير المبرر؟,يعاقب المخالف بالحبس مدة لا تقل عن ثلاثة أشهر وبغرامة لا تقل عن 1000 دينار ولا تزيد عن 3000 دينار.,"According to the law, the punishment is as follows: If the case of shortage or increase is repeated, the punishment will be a fine of no less than 500 Jordanian dinars and no more than 1000 Jordanian dinars. If the case is repeated again, the punishment will be imprisonment for a period"
2906,متى يمكن للفريق الذي لم يمتثل للاشعار استخدام المستند كبينة في التدعوى؟,يمكن للفريق الذي لم يمتثل للاشعار استخدام المستند كبينة في التدعوى إذا أقنع المحكمة بوجود سبب أو عذر كاف لعدم أمتثاله للاِشعار.,"متى يمكن للفريق الذي لم يمتثل للاشعار استخدام المستند كبينة في التدعوى؟

لا يمكن للفريق الذي لم يمتثل للاشعار استخدام المستند كبينة في التدعوى إلا إذا كان هناك سبب أو عذر كاف لإعتر"
163,ما هو تعريف الفسخ والاجازة في القانون المدني الأردني؟,الفسخ أو الاجازة هما بمعنى فسخ العقد أو السماح بالتنفيذ القانوني له بشكل صريح أو دال.,"ما هو تعريف الفسخ والاجازة في القانون المدني الأردني؟
لابد من ذكر تعريف الفسخ والاجازة في القانون المدني الأردني.
لذلك نقول: الفصل الأول- مصادر الحقوق الشخصية - القانون المدني الأردني لس"
3533,ما العقوبة المنصوص عليها للشخص الذي يرتكب جريمة بقصد وفقا للمادة 5؟,يُعاقب بمقتضى العقوبات المنصوص عليها في قانون العقوبات وهذا القانون.,القانون الجنائي يفرق بين الجرم الخطأ والجرم القصدي ويعاقب الجرم الخطأ بالحبس لمدة لا تزيد عن سنة والجرم القصدي بموجب قانون العقوبات
417,ما هي الآثار المتعلقة بتعدد طرفي التصرف التضامن بين المدينين؟,تعدد طرفي التصرف التضامن بين المدينين ينظمه في القانون المدني، ويمكن الرجوع إلى أحكام التضامن في هذا القانون لمزيد من التفاصيل.,"تعدد طرفي التصرف هو عندما يوجد أكثر من طرف في التصرف سواء كان طرف التصرف هو المالك أو المدين أو المدينون معاً.
التضامن بين المدينين هو عندما يوجد أكثر من مدين متضامنين في الدين سواء كان"
3295,ما هي المدة القصوى التي يمكن تمديدها لاصدار حكم التحكيم؟,يمكن تمديد مدة اصدار حكم التحكيم مرة واحدة أو أكثر على ألا تزيد عن اثني عشر شهرا.,"The maximum time period for the issuance of a ruling by the arbitration tribunal can be extended by the arbitration tribunal by a maximum of two years from the date of completion of the tribunal's formation. In the absence of an agreement between the parties, the tribunal must issue a ruling within eighteen months of the completion of the tribunal's"
5037,ما هي العقوبة المحتملة للفاعل إذا لم ينجم عن أفعاله مرض أو تعطيل عن العمل ولكن مدتها لم تتجاوز العشرين يومًا؟,الحبس لمدة لا تزيد على سنة أو غرامة لا تزيد على مائة دينار، أو كلتا العقوبتين.,"The punishment for the person if the result of their actions is not a disease or absence from work, but its duration did not exceed twenty days is: imprisonment for a period not exceeding one year, or a fine not exceeding 100 dinars, or both.

### Explanation:
The punishment for the person if the result of"
2950,ما هي الحالات التي يُسمح فيها للمدعي بإسقاط دعواه؟,يُسمح للمدعي بإسقاط دعواه في غيبة المدعى عليه أو بموافقته إذا كان حاضرا.,"تجاوز المدعي 30 يوما من تاريخ صدور الحكم الأولي.
يستعرض المدعي دعواه في الدعوى المقبلة.
تجاوز المدعي 30 يوما من تاريخ صدور الحكم الأولي.
يستعرض المدعي دعواه في الد"
3163,متى يمكن الإثبات بالشهادة في الالتزامات التجارية بغض النظر عن قيمتها؟,يمكن الإثبات بالشهادة في الالتزامات التجارية بغض النظر عن قيمتها مع مراعاة أحكام أي قانون خاص يسمح بذلك.,أ. اذا كان الالتزام التعاقدي في غير المواد التجارية تزيد قيمته على مئة دينار أو كان غير محدد القيمة فلا تجوز الشهادة في إثبات وجود الالتزام أو البراءة منه ما لم يوجد اتفاق أو نص يقضي بغير
1326,متى تعتبر مرتبة الرهن التأميني؟,تعتبر مرتبة الرهن التأميني من تاريخ تسجيله في دائرة التسجيل.,"متى تعتبر مرتبة الرهن التأميني؟
المادة 1350
تعتبر مرتبة الرهن التاميني من تاريخ تسجيله في دائرة التسجيل.
2. ويحتفظ بمرتبته حتى يقيد بدائرة التسجيل ما يدل على انقضائه"
1414,ما هي المرتبة التي يحتلها امتياز صاحب الفندق وفقاً للمادة 1443 من القانون المدني الأردني؟,يكون لامتياز صاحب الفندق مرتبة المؤجر وفقاً للمادة 1443 من القانون المدني الأردني.,"The privilege of the hotel owner is in the second rank according to the Jordanian Civil Law article 1443. If the two rights meet, they will give the owner of the first right his date earlier than the other."
1415,ما هو المادة 1444 من القانون المدني الأردني؟,تتعلق المادة 1444 من القانون المدني الأردني بامتياز البائع على المنقول بالثمن وملحقاته.,"The answer to this question can be found in the input provided. The input includes the text of Article 1444 of the Jordanian Civil Code of 1976, which states that a seller of movable property has a right to the price and its accessories, and this right continues as long as the movable property remains unchanged"
4580,ماذا تحول أحكام التقادم دونه؟,تحول أحكام التقادم دون تنفيذ العقوبات.,"The answer is ""The provisions of the statute of limitations prescribed in the Code of Criminal Procedure are waived in the implementation of the punishments."""
1465,ما هي العقوبة لشخص يستخدم بيانات ومعلومات للحصول على أموال الغير؟,الحبس لمدة لا تقل عن سنتين ولا تزيد على ثلاث سنوات وغرامة لا تقل عن 5000 دينار.,"The punishment for someone who uses data and information to get someone else's money is: if the data and information was used to get money or benefit from the services provided, the punishment is a minimum of two years and a maximum of three years and a fine of not less than 5000 dinars and not more than"
4793,ما هو شرط تقديم الطلب لإثبات صحة الذم الموجه لموظف معين؟,يجب أن يكون ما عزاه الذام متعلقا بواجبات وظيفة الموظف أو جريمة تستلزم العقاب قانونا.,
3557,ما هو الموضوع الرئيسي للتشريع؟,الحجز والتحفظ على الأموال التي تم الحصول عليها نتيجة ارتكاب جرائم اقتصادية.,"The main subject of the legislation is the following:
Article 9
A. The Public Prosecution or the court, after referring the case to it, may take any of the following measures, and the victim may appeal the decision before the committee mentioned in paragraph (b) of this article:
A provisional seizure of the"
1714,ما هو تقديم المادة 64 من القانون؟,تقديم المادة 64 من القانون يعتبر باطلا كل اتفاق يقضي بتنازل العامل عن اجازته السنوية أو عن أي جزء منها.,"ما هو تقديم المادة 64 من القانون؟

هذا يعني أن كل اتفاق يقضي بتنازل العامل عن اجازته السنوية أو عن أي جزء منها، يعتبر باطلاً.

المادة 64    يعتبر باطلا كل ات"
5069,ما هو نص المادة 354 من القانون؟,المادة 354 تنص على أن كل تهديد بإنزال ضرر غير محق يُعاقب عليه بالحبس أو بغرامة.,"ما هو نص المادة 354 من القانون؟
كل تهديد آخر بإنزال ضرر غير محق ، إذا حصل بالقول أو بإحدى الوسائل المذكورة في المادة (73) وكان من شأنها التأثير في نفس المجني عليه تأثيرا شدي"
4584,متى يمكن غامة الأمر بوقف تنفيذ العقوبة؟,إذا صدر حكم بالحبس لمدة تزيد على شهر واحد بعد صدور الأمر بالوقف.,"المادة 54: مكررة:
وقف التنفيذ:1. يجوز للمحكمة عند الحكم في جناية أو جنحة بالسجن أو الحبس مدة لا تزيد على سنة واحدة أن تامر في قرار الحكم بإيقاف تنفيذ العقوبة وفقا"
1209,ما تأثير تنازل المنتفع عن حق الانتفاع على التزاماته؟,لا يؤثر تنازل المنتفع عن حق الانتفاع على التزاماته لمالك العين المنتفع بها ولا على حقوق الغير.,"The lessee's waiver of the right to benefit does not affect his obligations to the owner of the property benefited by it, nor the rights of others.

### Source:
The Civil Code of Jordan, Article 1218"
4573,متى يكون التضامن ساري المفعول في الالتزامات المدنية؟,يكون التضامن ساري المفعول في الالتزامات المدنية فقط إذا حُكم على الأشخاص بجريمة واحدة في نفس الدعوى.,"سقوط الأحكام الجزائية متى كان:
أ- قد تجاوز الوقت المحدد لمراجعة الحكم.
ب- كان يوجد في الحكم نقصا في الدليل أو في الدعوى أو في الدعاوى أو في الدعوى أو في الدعوى أو"
286,في أي سياق يجب عدم الإخلال بأحكام الضمان وفقاً للمادة 291؟,يجب عدم الإخلال بأحكام الضمان مع مراعاة ما يرد فيها من أحكام خاصة.,"المادة 291
الأشياء والآلات:كل من كان تحت تصرفه أشياء تتطلب عناية خاصة للوقاية من ضررها أو آلات ميكانيكية- يكون ضامنا لما تحدثه هذه الأشياء من ضرر الا ما لا يمكن الت"
5820,ماذا يحدث إذا تحتوت الأوراق على أسماء أكثر من العدد المطلوب؟,يُهمل منها الأسماء الزائدة عن العدد المطلوب.,لن يتم احتساب الاوراق التي تحتوي على اسماء اكثر من العدد المطلوب ، فاذا كان عدد الاسماء 10 وعدد المرشحين 9 فلا يتم احتساب الاوراق التي تحتوي على اسماء ال10 المرشحين ، و
5389,ما هي الأعمال التي تتمتع بالحماية في مجال الفنون التطبيقية؟,الزخرفية والعمارة واعمال الرسم والتصوير والنحت.,"The works that enjoy protection in the field of applied arts are:
1- Books and publications and other written materials.
2- Works that received a voice such as lectures and sermons and speeches.
3- Dramatic works, choral and musical dramas and theatrical performances.
4- Musical works whether they were numbered or not"
3132,ما هي الشروط اللازمة لإعطاء الصور الخطية والفوتوغرافية قوة السند الرسمي؟,يجب أن يكون اصل السند الرسمي موجوداً، وأن تكون الصور نقلت منه وصدرت عن موظف عام في حدود اختصاصه.,"The requirements for giving the photocopied or photocopied documents the strength of the official document are:

1. The original official document is available.
2. The photocopied or photocopied documents were issued by a government employee within his jurisdiction.
3. The photocopied or photocopied documents are issued"
3825,من يحتاج إلى موافقة المراقب لتسجيل شركة توصية بالأسهم؟,إدارة الشركة.,"According to Article 80 of the Companies Law, the registration of a recommendation company must be approved by the supervisor."
2675,ما هو القانون الذي يُلغى ويُعدل في البند التاسع عشر من المادة 369؟,قانون أصول المحاكمات الجزائية رقم 76 لسنة 1951 وما طرأ عليه من تعديلات.,القانون المنشور في العدد (1543) من الوقائع الفلسطينية المؤرخ في 21/ 12/ 1946 .
4058,كيف يتم انتخاب أعضاء مجلس إدارة الشركة المساهمة العامة؟,يتم انتخابهم من قبل الهيئة العامة للشركة بالاقتراع السري والتصويت النسبي.,"أجابنا عن هذا السؤال في فقهنا السابق حيث قالنا:
عندما نستطيع من خلال الفقه التخصصي أن نستخلص ما يحتاج إلى التخصص، فنحن نستطيع أن نستخلص ما يحتاج إلى التخصص من"
1390,ما هو تأثير الامتياز على حقوق حائز المنقول إذا كان حسن النية؟,لا يؤثر الامتياز على حقوق حائز المنقول إذا كان حسن النية.,تأثير الامتياز على حقوق حائز المنقول اذا كان حسن النية هو ان الامتياز لا يؤثر على حقوق حائز المنقول اذا كان حسن النية، ويعتبر حائزا في حكم الفقرة السابقة مؤجر العقار بالنسبة للمنقول
5318,ما هي الغرفة الاقتصادية التي تنشأ لدى محكمة استئناف عمان؟,تنشأ لدى محكمة استئناف عمان غرفة اقتصادية تضم هيئة واحدة أو أكثر.,The economic chamber that is formed at the Court of Appeal in Amman is the one that deals with appeals that are submitted to the economic chamber of the First Instance Court in Amman.
2387,ما هو اسم الصندوق الذي يتم تأسيسه لتقديم المساعدة القانونية؟,صندوق المساعدة القانونية أمام المحاكم.,"The box that is established to provide legal assistance is the box of legal assistance before the courts.
In the case of crimes that are punished by death or life imprisonment or life imprisonment or temporary imprisonment for ten years or more, a lawyer must be present for the defendant in every trial session. If the defendant has declared to the"
1915,ما هي الشروط التي يجب توفرها للتحاق ببرنامج المعالجة؟,تحديد من قبل الطبيب النفسي أو الاجتماعي.,"The requirements to join the treatment program are as follows:
1. The person must have taken any of the drugs or substances mentioned in the tables attached to this law.
2. The person must have been caught red-handed or must have been caught in possession of any of the drugs or substances mentioned in the tables attached to this"
3043,ما هو عقوبة الإهمال في إرسال الملف في الموعد المحدد؟,يمكن لمحكمة الاستئناف أن تحكم بغرامة لا تزيد على خمسين دينارا.,"ما هو عقوبة الإهمال في إرسال الملف في الموعد المحدد؟

### Input:
المادة 180
1- أ- تقدم لائحة الاستئناف بعدد المستانف عليهم الى قلم"
3432,في أي حالة يُسمح للرئيس بالسماح باستعمال الأشياء المحجوزة؟,إذا كان مالكها أو صاحب الحق في الانتفاع بها يستعملها في ما خصصت له.,لا يجوز ان يستعمل الحارس الاشياء المحجوزة ولا ان يستغلها او يعيرها والا حرم من اجرة الحراسة فضلا عن الزامه
2017,كيف يتم تحديد مكافآت أعضاء اللجنة؟,يتم تحديد مكافآت أعضاء اللجنة وسائر الشؤون المتعلقة بها بموجب نظام يصدر لهذه الغاية.,"تم تحديد مكافآت أعضاء اللجنة في المادة 31 ب

### Input:
المادة 31
  أ- تشكل لجنة تسمى (اللجنة الوطنية لمكافحة المخدرات و"
2078,ما الإجراء الذي يجب اتخاذه إذا قصر موظفو الضابطة العدلية في القيام بمهامهم؟,يجب على المدعي العام تنظيم ضبط بالواقعة ورفعه إلى النائب العام.,الجواب: يلزم المدعي العام إبلاغ النائب العام بالواقعة وإحالته إلى النائب العام المختص أو المحكمة المختصة بحسب مقتضى الحال لإجراء المقتضى القانوني.
5170,ما هي العقوبة لشخص يشتري مركبة مسروقة ويعلم بذلك؟,الحبس من سنة إلى ثلاث سنوات.,"المادة 412
1- كل من اشترى مالا مسروقا أو باعه أو دلل عليه أو توسط في بيعه وشرائه وهو عالم بأمره ، يعاقب بالحبس حتى ستة أشهر.
2- وان كان المسروق من الحيوانات المعد"
5161,ما هو عقوبة الحبس لشخص يرتكب سرقة غير مبينة في المادة 407؟,يعاقب بالحبس من ستة أشهر الى سنتين.,"عقوبة الحبس لشخص يرتكب سرقة غير مبينة في المادة 407 هي 6 أشهر إلى سنتين.

### Explanation:
The punishment for someone who commits theft not specified in Article 407 is six months to two years imprisonment.

### Tags
#criminal_law
#"
5107,ما هو العقوبة المفروضة في حال أدى الحادث إلى وفاة أحد الأشخاص؟,الإعدام، وفقاً للمادة 381 التي تزيد نصف العقوبات في حال وقوع وفاة أحد الأشخاص بسبب الحادث.,الجواب صحيح ، حيث أن المادة 381 تقول أن العقوبات المذكورة في المواد السابقة نصفها ، إذا أصيب احد الناس بعاهة دائمة ، ويقضى بالإعدام إذا أدى الأمر الى موت احد الناس ، حيث أن
3548,متى يمكن للنائب العام إجراء المصالحة مع حائز المال؟,عندما يتم إعادة المال محل الجريمة والمنافع المرتبطة به.,"متى يمكن للنائب العام إجراء المصالحة مع حائز المال؟
المادة 9
أ. للنيابة العامة أو المحكمة بعد إحالة القضية اليها اتخاذ أي من الإجراءات التالية وللمتضرر الطعن بالقرار أمام"
2839,كيف يتم تنظيم شؤون الخبرة أمام المحاكم النظامية؟,تنظم شؤون الخبرة بموجب نظام يصدر لهذه الغاية.,"The law is the Civil Procedure Code, and the article is the one that regulates the expertise in front of the civil courts. This article is very important because it regulates the expertise in front of the civil courts. It stipulates the rules of the expertise and its procedures. The expertise is a tool that is used by the"
3493,ما هو الشرط الذي يمنع قبول عرض بزيادة عشرة بالمائة بعد اعادة البيع؟,عدم وجود عرض آخر بمبلغ يزيد على ذلك الزيادة.,"لا يمكن قبول عرض بزيادة عشرة بالمائة بعد اعادة البيع إلا إذا كان عرض آخر سبقها بزيادة تزيد على العرض الذي سبقها.

### Translation:
An offer cannot be accepted with an increase of ten percent after reselling, unless another offer preceded it with an"
277,ما هو تأثير المادة 287 في حالة ازالة التصرف؟,تكافؤ المادة 287 بين التصرف والغصب يعني أنه يُعامل التصرف بنفس القوانين التي تُطبق على الغصب.,"The effect of article 287 in case of revocation of the act is that what is similar to coercion in revocation of the act is similar to coercion.
The first book- Personal rights sources- Jordanian Civil Law of 1976
The third chapter- Harmful act- Jordanian Civil Law of 197"
2758,ما هي السلطة المختصة في حال وقوع منازعات تتعلق بمصروفات الدعاوى وأتعاب المحاماة بصورة تبعية؟,السلطة المختصة هي المحكمة التي فصلت في أصل الدعوى وفق المادة 46، مع مراعاة عدم التداخل مع أحكام قانون نقابة المحامين.,لقد حدد القانون السلطة المختصة في حال وقوع منازعات تتعلق بمصروفات الدعاوى وأتعاب المحاماة بصورة تبعية، وتبلغ السلطة المختصة في هذه الحالة المحكمة التي فصلت في أصل الدعوى،
5652,هل تشمل القاعدة المذكورة في المادة 11 الاشتغال بالصحافة الحقوقية؟,لا، لا تشمل القاعدة الاشتغال بالصحافة الحقوقية والثقافية.,"Yes, the provision includes the practice of legal journalism. The question is in the context of the Jordanian Law of Advocacy, and the provision in question is Article 11. The provision states that a lawyer may not hold certain positions, including the presidency of the legislative authority, the government, and the permanent or temporary"
2843,ما هي المادة التي تنظم تعيين الخبراء في القانون؟,المادة 84.,"The law that governs the appointment of experts in the law is Article 84 of the Jordanian Code of Civil Procedure.

### Answer:
The law that governs the appointment of experts in the law is Article 84 of the Jordanian Code of Civil Procedure.

### Answer:
The law that governs the appointment of"
1637,ما هو الأساس الذي يعتمد لحساب مكافأة نهاية الخدمة عندما يتم حساب الأجر على أساس العمولة أو القطعة؟,عندما يحسب الأجر على أساس العمولة أو القطعة، يعتمد لحساب مكافأة نهاية الخدمة على المتوسط الشهري للأجر الحقيقي الذي تقاضاه العامل خلال الاثني عشر شهراً السابقة لانتهاء خدمته.,"ما هو الأساس الذي يعتمد لحساب مكافأة نهاية الخدمة عندما يتم حساب الأجر على أساس العمولة أو القطعة؟
المادة 32
يحق للعامل غير الخاضع لأحكام قانون الضمان"
385,هل يمكن للدائنين الطعن في تصرفات المدين بعد انتهاء الحجر؟,نعم، يمكن للدائنين الطعن في تصرفات المدين بعد انتهاء الحجر وفقا للمواد 366 ومن 368 الى 374.,لا يمكن للدائنين الطعن في تصرفات المدين بعد انتهاء الحجر، إلا إذا كان المدين قد فعل ذلك بعد انتهاء الحجر، وبالتالي فإن الحجر لا يمنع الدائنين من الطعن في تصرفات المدين.
4652,ما هو الشرط الذي يجب أن تلتزم به الجنحة الثانية للمتهم وفقا للمادة 102؟,يجب أن تكون الجنحة الثانية مماثلة للجنحة الأولى.,"The second offender must be punished with a penalty that does not exceed the double of the penalty that his crime deserves, provided that this does not exceed five years.

### Explanation:
According to Article 102 of the Jordanian Penal Code, the second offender must be punished with a penalty that does not exceed the double of the"
2037,متى يمكن قبول الشكوى أو الادعاء الشخصي إذا كان المجنى عليه شخصاً معنوياً؟,بعد تقديم طلب خطي من الممثل القانوني للشخص المعنوي أو من ينوب عنه.,"متى يمكن قبول الشكوى أو الادعاء الشخصي إذا كان المجنى عليه شخصاً معنوياً؟
إذا كان المجنى عليه شخصاً معنوياً فتقبل الشكوى أو الادعاء الشخصي بناء على طلب خطي من الممثل القانون"
3799,ما هو تأثير تغيير حصة شريك في الشركة على السجل الخاص بالشركاء؟,يجب تدوين أي تغيير يطرأ على حصة الشريك في الشركة، مع تفاصيله وتاريخ وقوعه، في السجل الخاص بالشركاء.,"إذا تغيرت حصة شريك في الشركة فإنه يلتزم بتسجيل هذا التغيير في سجل الشركاء، والذي يحتوي على البيانات التالية:
1- اسم الشريك ولقبه اذا كان له لقب وجنسيته ومركز أق"
3846,ما هي البيانات التي يجب أن تتضمنها البند العاشر في النظام الأساسي للشركة المساهمة؟,أسماء الأشخاص الذين سيتولون دعوة الهيئة التأسيسية وإدارة الشركة.,"ما هي البيانات التي يجب أن تتضمنها البند العاشر في النظام الأساسي للشركة المساهمة؟
تتضمن البيانات التي يجب أن تتضمنها البند العاشر في النظام الأساسي للشركة المساهمة أسماء الأشخاص الذين سيتولون"
3958,متى يمكن للوزير أن يسمح بتأسيس شركة مساهمة عامة بواسطة مؤسس واحد؟,بناءً على تنسيب مبرر من المراقب.,"المادة 90
أ- تتألف الشركة المساهمة العامة من عدد من المؤسسين لا يقل عن اثنين يكتتبون فيها بأسهم قابلة للإدراج في أسواق للأوراق المالية وللتداول والتحويل وفقاً لأحكام هذا القانون"
4575,ما هي النتيجة القانونية لوقوع التقادم في قضية جنائية؟,يؤدي وقوع التقادم إلى سقوط الحق في متابعة الجناية وتوقف الإجراءات القضائية ضد المتهم.,التقادم هو فعل المحكوم عليه أو أحد أفراد عائلته أو أحد أفراد المجتمع أو أحد المستثمرين أو أحد المؤسسات التي يتعين عليها أن يقدموا إثباتاً على وقوع حدث أو حدوث أمر ما في قضية جنائية
1010,ماذا ينص المادة 1026 من النصوص القانونية؟,تنص المادة 1026 على أنه إذا كان لأحد ملك يتصرف فيه تصرفاً مشروعاً فاحدث غيره بجواره بناء تضرر من الوضع القديم، فليس للمحدث أن يدعي التضرر من ذلك.,"This is a law in Jordan, and the law says that if someone has property, and that property is damaged, then the person who damaged the property is responsible for the damage."
2409,ما يُسمح للمحكمة فعله في حالة اعتراف المتهم بالتهمة؟,يُجوز للمحكمة الاكتفاء باعترافه وتحكيم عليه بالعقوبة المناسبة.,"According to the law, the court is allowed to sentence the defendant to death, if he admits the charge, or if the court is convinced that he committed the crime."
1117,ما هو تأثير العمل القانوني الذي يصدر من شخص في مرض الموت ويكون مقصوداً به التبرع؟,يُعتبر التصرف مضافاً إلى ما بعد الموت وتسري عليه أحكام الوصية.,"The effect of the legal act that is issued by a person in a state of death and is intended to be a donation is that it is considered as a disposition made after death and it is subject to the rules of wills, regardless of the name that is given to it.

2. The heirs of the person who"
4083,ما هو محتوى التقرير الذي يجب أن يقدمه مجلس إدارة الشركة المساهمة العامة كل ستة أشهر؟,يجب أن يتضمن التقرير المركز المالي للشركة ونتائج أعمالها وحساب الأرباح والخسائر وقائمة التدفق النقدي والإيضاحات المتعلقة بالبيانات المالية.,"The report should include the financial position of the company, its operations, and its profits and losses. The auditor should verify the report, and the supervisor should receive a copy within 60 days of the end of the period.

### Explanation:
The report should include the financial position of the company, its operations, and its"
3734,ما يحدث اذا قبل الوزير الاعتراض على تقرير اللجنة؟,يتم رفض تسجيل الشركة إلا إذا عاد الشركاء ووافقوا على التقييم.,"ما يحدث اذا قبل الوزير الاعتراض على تقرير اللجنة؟
أ- اذا كان رأسمال الشركة أو جزء منه حصصاً عينية فعلى مقدمي هذه الحصص المحافظة على هذه المقدمات وعدم التصرف بها الى حين تسليمها الى"
2900,ما هي الإجراءات التي يجب اتباعها إذا رأت المحكمة نقصًا في التقرير القانوني المقدم؟,يمكن للمحكمة أن تقرر إعادة التقرير للخبير لاكمال ما ترى فيه من نقص، أو تعهد بالمهمة إلى خبير آخر أو أكثر حسب الأصول.,أولاً: يجب على المحكمة أن تقدم الطرفين نسخة من التقرير المقدم، ثم يجب أن تقرر عقد جلسة للاطلاع
1822,من يقوم بتعيين البنك الذي تودع فيه النقابة أموالها؟,يعين البنك الذي تودع فيه النقابة أموالها الاتحاد العام لنقابات العمال.,إذا حلت النقابة بصفة غير اختيارية فإنه يودع أموالها في البنك الذي يعينه الاتحاد العام لنقابات العمال حتى تأسيس نقابة جديدة للهمة أو للمهن نفسها. إذا لم يتم تأسيس مثل هذه النقابة
864,ما الذي يضمنه الوكيل بموجب المادة 866؟,الوكيل يضمن تنازله عن التوكيل في وقت غير مناسب أو بغير مبرر من ضرر للموكل إذا كانت الوكالة باجر.,"الموكل

### Question:
ما الذي يضمنه الوكيل بموجب المادة 866؟

### Input:
المادة 866
يضمن الوكيل ما ينجم عن تنازله عن التوكيل في وقت غير مناسب أو بغير مبرر من ضرر للموكل"
1353,ما هي الأحكام التي تسريها المادة 1381 من القانون المدني الأردني على رهن المال الشائع؟,تسري على رهن المال الشائع أحكام الرهن التاميني المنصوص عليها فيها.,أحكام الرهن التاميني المنصوص عليها في المادتين 1378 و 1379 و 1380 من القانون المدني الأردني لسنة 1960
3965,من هو الشخص المسؤول عن توقيع عقد تأسيس الشركة؟,يوقع كل مؤسس عقد التأسيس أمام المراقب أو من يفوضه خطياً.,"المادة 92
أ- يقدم طلب تأسيس الشركة من قبل مؤسسي الشركة إلى المراقب على النموذج المقرر لهذا الغرض مرفقاً بما يلي:-
1- عقد تأسيس الشركة.
2- نظامها الأساسي.
3- أسم"
3122,من هم المكلفون بتنفيذ أحكام القانون وفقاً للمادة 225؟,رئيس الوزراء والوزراء مكلفون بتنفيذ أحكام هذا القانون.,"المكلفون بتنفيذ أحكام القانون هم
رئيس الوزراء والوزراء

### Explanation:
المكلفون بتنفيذ أحكام القانون هم
رئيس الوزراء والوزراء

### Question:
من هم المكلفون بتنفيذ أحكام القانون وفقاً"
3381,من يحق له قرار وقف السير في معاملات التنفيذ؟,يحق للرئيس قرار وقف السير في معاملات التنفيذ عند المرحلة التي وصلت إليها بعد تقديم طلب الوقف وتأييده بالأوراق المطلوبة.,"للبطل، إذا كان طلب وقف السير في معاملات التنفيذ، فإنه يحق له ذلك، إذا كان في المرحلة التي وصلت إليها، عند الرفع بطلبه، مع مراعاة ما يلي:-

أ- للرئيس تكليف"
2049,في أي حالة يجوز تقديم دعوى الحق العام أمام القضاء الأردني؟,يجوز تقديم دعوى الحق العام أمام القضاء الأردني إذا ارتكبت الجريمة بوسائل إلكترونية خارج المملكة.,يمكن تقديم دعوى الحق العام على المشتكى عليه أمام القضاء الأردني في أي حالة يرتكب فيها المشتكى عليه الجريمة بوسائل الكترونية خارج المملكة الأردنية الهاشمية وترتب اثارها في المملكة الأرد
1145,ما هو الشرط الأساسي الذي يجب توفره في البيع الذي تثبت فيه الشفعة؟,يجب أن يكون العقار مملوكاً أو منقولاً في نطاق الأحكام التي يقضي بها القانون.,"الشرط الأساسي الذي يجب توفره في البيع الذي تثبت فيه الشفعة هو أن يكون العقار مملوكاً أو منقولاً في نطاق الأحكام التي يقضي بها القانون.
البيع الذي تثبت فيه الشفعة هو البيع الذي يث"
5149,ما هي العقوبة المحتملة للجناة في حالة حدوث سلب بالصورة الموصوفة في الفقرة الثانية وتسبب في رضوض أو جروح نتيجة العنف؟,يُعاقب الجناة بالأشغال المؤبدة.,"The punishment for the offenders in the case of theft described in the second paragraph and causing bruises or injuries as a result of violence is the following:
1- The temporary works for a period not less than seven years if the act of theft was committed during the day by two or more people and with the use of violence."
4777,ما هو العقاب المحدد للموظف الذي يتهاون في أداء واجباته دون سبب مشروع؟,الغرامة من عشرة دنانير الى خمسين دينارا أو الحبس من أسبوع واحد الى ثلاثة أشهر.,عقوبة الموظف الذي يتهاون في أداء واجباته دون سبب مشروع هو الغرامة من عشرة دنانير إلى خمسين دينارا أو الحبس من أسبوع واحد إلى ثلاثة أشهر. إذا لحق ضرر بمصالح الدولة من جراء هذا الإهم
1626,ما هي الحالة التي يمكن للعامل ترك العمل فيها بسبب تخفيض أجره؟,يمكن للعامل ترك العمل في حالة تخفيض أجره وفقاً لأحكام القانون.,ب- إذا تبين للوزير وقوع اعتداء من صاحب العمل أو من يمثله بالضرب أو بممارسة أي شكل من اشكال الاعتد
4460,ما هو تصنيف البنوك وشركات التأمين وفقًا للمادة 276 ب؟,تستثنى البنوك وشركات التأمين من أحكام المادة المذكورة.,"The banks and insurance companies are exempted from the provisions of Article 276.

### Question:
ما هو تصنيف البنوك وشركات التأمين وفقًا للمادة 276 ب؟

### Input:
المادة 276
أ- للوزير بناء على تنسيب المراقب"
4568,ما هي الحالة التي يُجيز فيها مصادرة الأشياء التي كانت معدة لارتكاب جناية؟,يُجيز مصادرة الأشياء التي كانت معدة لارتكاب جناية مقصودة.,"هي المادة 44 من قانون العقوبات

### Explanation:
هي المادة 44 من قانون العقوبات ، ويجوز في هذه المادة مصادرة الأشياء التي كانت معدة لارتكاب جناية أو جنحة مقصودة أو التي استعملت في ار"
1664,ما الذي يحكم تشكيل اللجنة الثلاثية وعملها؟,الأحكام والإجراءات المتعلقة بكيفية تشكيلها وعملها.,أ- تشكل في الوزارة لجنة تسمى (اللجنة الثلاثية لشؤون العمل) برئاسة الوزير وعضوية ممثلين عن الوزارة والعمال
2683,متى يسري النص المعدل للاختصاص على الدعاوى؟,يسري النص المعدل للاختصاص على الدعاوى بعد ختام المحاكمة في الدعوى.,The law will be applied to cases when the law comes into effect.
5616,ما يمكن للمحكمة فعله في حالة عدم استكمال المعترض إجراءات تقديم بيناته الدفاعية؟,تسمح له بإكمالها.,"The court can decide to reject the appeal if the appellant does not complete the procedures for presenting his/her defense within the required time frame.

### Explanation:
The court has the authority to reject an appeal if the appellant does not complete the procedures for presenting his/her defense within the required time frame. This is because the court is"
4170,كيف يعتبر الاجتماع الثاني للهيئة العامة قانونيًا؟,يعتبر الاجتماع الثاني قانونيًا بغض النظر عن عدد الأسهم الممثلة فيه.,"The second meeting of the General Assembly of a joint stock company is considered legal if shareholders representing more than half of the company's shares are present. If this quorum is not met within an hour of the scheduled meeting, the company's president issues a call to the General Assembly to convene a second meeting within ten days"
356,ما هي الوسيلة المشروعة لحماية التنفيذ وفق المادة 365؟,ضمان أموال المدين للوفاء بديونه ومساواة جميع الدائنين في هذا الضمان.,المدين ضامن أمواله جميعاً للوفاء بديونه، وجميع الدائنين متساوون في هذا الضمان، مع مراعاة أحكام القانون.
5045,ما هي العقوبة المقررة لمن يقوم بإجهاض حامل وهو على علم بحملها؟,يُعاقب بالأشغال المؤقتة لمدة لا تزيد على عشر سنوات.,The law states that the penalty for a man who performs an abortion on a pregnant woman whom he knows to be pregnant is ten years in prison.
192,ما هو الشرط الذي يجب تحققه ليكون الشخص قادرا على تنفيذ الحقوق باسمه لصالح الغير؟,يجب أن يكون للشخص مصلحة شخصية مادية أو ادبية في تنفيذ تلك الحقوق.,The condition that must be met for a person to be able to implement rights on behalf of others is that the person has a personal material or intellectual interest in their execution.
2203,ما هي الإجراءات التي يمكن اتخاذها من قبل المدعي العام في حال عدم حضور المشتكى عليه؟,يمكن للمدعي العام إصدار مذكرة إحضار بحق المشتكى عليه في حال عدم حضوره أو في حال خشية فراره.,"The Public Prosecutor in a criminal case may, if necessary, issue a summons to the accused to appear before him for questioning. If the accused fails to appear or flees, the Public Prosecutor may issue an arrest warrant for him."
1104,ما هو حكم المادة 1116 من القانون المدني الأردني؟,تنص المادة 1116 على أنه إذا اختص أحد الورثة بدين للتركة، فلا يضمن باقي الورثة لهذا الدين إذا أصبح الورثة الآخرين مدينين ولم يتفقوا على ذلك.,"ما هو حكم المادة 1116 من القانون المدني الأردني؟

ما هو حكم المادة 1116 من القانون المدني الأردني؟

المادة 1116 من القانون المدني الأردني لسنة 1960
اذا اختص احد الورثة عند قسم"
4599,ما هي تعريف النية وفق المادة 63؟,النية هي إرادة ارتكاب الجريمة على ما عرفها القانون.,"النية هي إرادة ارتكاب الجريمة على ما عرفها القانون.

### Answer:
ما هي تعريف النية وفق المادة 63؟

### Answer:
النية هي إرادة ارتكاب الجريمة على ما عرفها القانون.

### Answer:
ما هي تعريف"
897,ما هي التزامات الحارس وفقا للمادة 903؟,يلتزم الحارس بإيفاء ذوي الشأن بالمعلومات الضرورية وتقديم الحساب عن تنفيذ مهمته.,"التزامات الحارس وفقا للمادة 903:
- يلتزم الحارس بان يوافي ذوي الشان بالمعلومات الضرورية التي تتعلق بتنفيذ مهمته.
- يلتزم الحارس بان يقدم الحساب عنها في المواعيد وبالطريقة التي يتفق"
3761,ماذا يمكن للمراقب فعله إذا لم تتم مراعاة الأصول المبينة في القانون؟,يمكن للمراقب عدم اعتماد محضر الاجتماع والقرارات.,"المادة 64
أ- تتألف الهيئة العامة في الشركة ذات المسؤولية المحدودة من جميع الشركاء فيها ، وتعقد اجتماعاً سنوياً واحداً خلال الأشهر الأربعة الأول ى من السنة المالية للشركة ، بدعوة من"
420,ما هي آثار تعدد طرفي التصرف التضامن بين المدينين؟,تعدد طرفي التصرف التضامن بين المدينين يندرج ضمن آثار الحق الفصل في الباب الثاني.,"ما هي آثار تعدد طرفي التصرف التضامن بين المدينين؟

- إذا ابرا الدائن احد المدينين المتضامنين من الدين أو من التضامن فلباقي المدينين أن يرجعوا على هذا المدين بنصي"
1032,ما الشرط الوحيد الذي يجيز الرجوع عن القسمة بعد تمامها؟,الشرط الوحيد الذي يجيز الرجوع عن القسمة بعد تمامها هو رضاء جميع الشركاء على فسخ القسمة.,للتسجيل في جامعة الأردن يجب أن يكون الطالب تلميذاً لثانوية عامة أو ثانوية خاصة أو ثانوية إعدادية أو ثانوية مازنية أو ثانوية إعدادية مازنية أو ثانوية إعدادية خاصة أو ثان
4131,ما هي المخالفات التي يمكن أن ترتكبها رئيس وأعضاء مجلس الإدارة لأنظمة الشركة؟,مخالفة رئيس وأعضاء مجلس الإدارة لأنظمة الشركة يمكن أن تشمل الإجراءات التي تتنافى مع سياسات الشركة أو تتجاوز صلاحياتهم المحددة.,"ما هي المخالفات التي يمكن أن ترتكبها رئيس وأعضاء مجلس الإدارة لأنظمة الشركة؟
لقد قرأت المادة 156 من قانون الشركات المساهمة العامة والخاصة في المملكة الأردنية الهاشمية، وهي تشرح أن مجلس إدارة الشركة، أو"
3850,ما الذي يجوز للشركة فعله بالنسبة لأنواع الأسهم وخيارات المساهمة؟,يجوز للشركة إصدار عدة أنواع وفئات من الأسهم وخيارات المساهمة.,"According to the Jordanian Companies Law, the company can do the following regarding types of shares and stock options:

1. The company can issue different types of shares with different nominal values and voting powers, and specify the rights and priorities of each type of share when distributing profits and losses, and when liquidating the company,"
4924,ما هي الجريمة المعنية في الفصل الثاني من المادة؟,التزوير في المصدقات الكاذبة.,The crime in question is the one described in the second paragraph of Article 266.
3098,ما الحق الذي يبقى للغير وفقاً للمادة 208؟,الحق في الاعتراض على الحكم، ما لم يسقط حقه بالتقادم.,الحق الذي يبقى للغير هو حق الاعتراض على الحكم، ويبقى هذا الحق ما لم يسقط بحق التقادم.
4485,ما هي صفة الاستعجال لدى المحاكم المختصة للقضايا الحقوقية والجزائية المتعلقة بالشركات؟,الاستعجال.,"أ. تعطى القضايا الحقوقية والجزائية المتعلقة بالشركات والناشئة عن تطبيق أحكام هذا القانون صفة الاستعجال لدى المحاكم المختصة .
ب. يجري تبليغ أي كتاب أو قرار أو إشعار صادر عن"
1239,ما هي الشروط الضرورية لصحة التحكير؟,يجب أن يكون التحكير لضرورة أو مصلحة محققة للوقف، ويجب الحصول على إذن من المحكمة المختصة وتسجيله في دائرة التسجيل.,"لا يصح التحكير إلا لضرورة أو مصلحة محققة للوقف.

### Answer:
لا يصح التحكير إلا لضرورة أو مصلحة محققة للوقف.

### Answer:
لا يصح التحكير إلا لضرورة أو مصلحة محققة لل"
1966,ما هو الحد الأقصى للغرامة لمن يقوم بإدخال المواد المخدرة إلى إقليم المملكة؟,ثلاثين ألف دينار.,"ما هو الحد الأقصى للغرامة لمن يقوم بإدخال المواد المخدرة إلى إقليم المملكة؟

Answer: ما هو الحد الأقصى للغرامة لمن يقوم بإدخال المواد المخدرة إلى إقليم المملكة"
1564,"ما المقصود بـ ""المرض المهني"" وفق هذا القانون؟",الاصابة بأحد الأمراض الصناعية المبينة في الجدول رقم (1) أو الاصابة بأي من الاصابات المهنية المبينة في الجدول رقم (2).,المرض المهني هو المرض الذي يتصيب العامل ناجمة عن العمل الذي يؤديه أو من طريق هو أو هو أو هو
756,هل تسري أحكام عقد الإيجار على إجارة الوقف؟,نعم، تسري أحكام عقد الإيجار على إجارة الوقف في كل ما لا يتعارض مع النصوص السابقة.,"هل تسري أحكام عقد الإيجار على إجارة الوقف؟

### Input:
المادة 759
تسري أحكام عقد الإيجار على إجارة الوقف في كل ما لا يتعارض مع النصوص السابقة.
الباب الثاني- عقود المنفعة"
3302,ما هي المادة التي تنص على توقيع حكم التحكيم؟,المادة 41 أ.,"المادة 41
أ - يتم تدوين حكم التحكيم ويوقعه المحكمون، وفي حالة تشكيل هيئة التحكيم من اكثر من محكم يكتفى"
3296,هل يمكن لهيئة التحكيم تمديد مدة اصدار الحكم بدون اتفاق الطرفين؟,نعم، يجوز لهيئة التحكيم تمديد مدة اصدار الحكم دون اتفاق الطرفين.,"Yes, the Arbitration Board can extend the period for issuing the ruling without the consent of the parties.

### Explanation:
The Arbitration Board has the authority to extend the period for issuing the ruling, even if the parties do not agree. This is provided for in Article 37 of the Arbitration Law. According to"
2094,ما هو شرط حفظ الأشياء المضبوطة بواسطة النيابة العامة؟,يجب حزم الأشياء المضبوطة في حالة كانت عليها وتوضع في وعاء إن اقتضت طبيعتها ذلك مع ختمها بخاتم رسمي في الحالتين.,"ما هو شرط حفظ الأشياء المضبوطة بواسطة النيابة العامة؟
المادة 35    
الجرم المشهود
الباب الثاني - النيابة العامة
1- يعنى بحفظ الاشياء المضبوطة بالحالة"
4171,ما هي صلاحية الهيئة العامة للشركة المساهمة العامة؟,تشمل صلاحيتها في اجتماعها النظر في جميع الأمور المتعلقة بالشركة واتخاذ القرارات المناسبة.,الهيئة العامة للشركة المساهمة العامة هي هيئة تشكل من عدد من المساهمين في الشركة المساهمة العامة الذين يمثلون ما لا يقل عن 10% من الأسهم الممثلة في الشركة المساهمة العامة، وهي هيئة لها صلاحية في الاجتماع العادي لل
4999,ما هي العقوبة المحددة في المادة 310 لمن يقود أنثى دون العشرين من العمر ليواقعها شخص مواقعة غير مشروعة؟,الحبس من ستة أشهر إلى ثلاث سنوات وغرامة من 200 دينار إلى 500 دينار.,"المادة 310
يعاقب بالحبس من ستة أشهر الى ثلاث سنوات وبغرامة من مائتي دينار الى خمسمائة دينار كل من قاد أو حاول قيادة:
1- أنثى دون العشرين من العمر ليواقعها شخص مواق"
2430,ما الإجراء الذي يتخذه المتهم إذا أراد إثبات دفاعه بشهود أو بينات أخرى؟,يجب عليه تقديم قائمة بيناته خلال شهر.,"ما الإجراء الذي يتخذه المتهم إذا أراد إثبات دفاعه بشهود أو بينات أخرى؟

المادة 232
الإفادة الدفاعية
الباب السادس - أصول المحاكمة لدى المحاكم البدائية في القضايا الجنائية
1"
3620,ما هي المدة التي يجب أن تقوم الشركة خلالها بطلب تسجيل التغيير بعد إجرائه؟,يجب على الشركة طلب تسجيل التغيير خلال سبعة أيام من إجرائه، وذلك بعد دفع الرسوم المقررة عنه ونشره في الجريدة الرسمية وصحيفة محلية على نفقة الشركة.,"(م) 7 أيام.

### Explanation:
أوضحت المادة 13 من قانون شركات التضامن لعام 2005 ما هو التغيير الذي قد تقوم الشركة بتسجيله في السجل الخاص بشركات التضامن، والذي يعتبره القانون"
5608,من يحق له الاستئناف بموجب المادة 14 من القانون؟,النيابة العامة والمدعي الشخصي والمحكوم عليه المسؤول بالمال.,"من يحق له الاستئناف بموجب المادة 14 من القانون؟

المواطن الأردني و المقيم في الأردن"
116,ما هي صلاحية المحكمة بخصوص الحجر على الصغير بعد الإذن؟,للمحكمة بعد الإذن أن تعيد الحجر على الصغير.,هي صلاحية المحكمة بخصوص الحجر على الصغير بعد الإذن.
3310,ماذا يحدث إذا أوقفت الهيئة التحكيمية الإجراءات أثناء التحكيم؟,يترتب على ذلك وقف سريان الموعد المحدد لإصدار حكم التحكيم.,عند توقف الإجراءات، فإنه من الممكن إعادة النظر في الأمر إذا كان هناك دليل جديد.
38,من يعتبر من ذوي القربى وفقاً للمادة 34؟,كل من يجمعهم أصل مشترك.,"يجب أن تكون الأسرة في الأصل واحدة، وينتج عن ذلك أن الأب والأم والأبناء هم من ذوي القربى.
كما يعتبر من ذوي القربى كل من يجمعهم أصل مشترك، ومن ثم يعتبر الزوج والزوج"
4484,ما هي الفقرة النهائية للمادة 283؟,تتضمن أحكام ختامية للتنظيمات القانونية المتعلقة بالتمثيل أمام المحاكم.,أ. يكون للمراقب ولموظفي الدائرة المفوضين خطيا من قبله حق الاطلاع على جميع سجلات الشركة ودفاترها ووثائقها ، كما يكون لهم حق الحصول على نسخ من تلك السجلات والدفاتر والوثائق لغايات تم
1285,ما هو الحظر الذي يفرضه قانون المادة 1303 على مالك الأرض العالية؟,قانون المادة 1303 يمنع مالك الأرض العالية من القيام بأي عمل يزيد من عبء الأرض المنخفضة التي تتلقى السيل الطبيعي.,The owner of the land on the high side is not allowed to do anything that will increase the burden on the land on the low side.
3474,متى يُعتبر افتتاح المزايدة؟,من تاريخ اليوم التالي للاعلان.,"متى يُعتبر افتتاح المزايدة؟

### Input:
المادة 85     ( 

أ . بعد الاحالة المؤقتة يعلن عن طرح العقار بالمزاد العلني"
1419,ما هي الفصول التي يندرج تحتها المادة 1445 في القانون؟,المادة 1445 تندرج ضمن الباب الثالث- التوثيق العيني بنص القانون (حقوق الامتياز) الفصل الثاني- أنواع الحقوق الممتازة.,"The article 1445 is divided into two parts, the first part talks about the partners in the movable property if they divide it and the guarantee of the right of each partner to return on the other partners because of the division and the fulfillment of what was decided for them in the division, and the second part talks about"
5038,ما هي الإجراءات التي يمكن للشاكي اتخاذها إذا قرر التنازل عن شكواه قبل حصول الحكم الدرجة القطعية؟,يحق للشاكي التنازل عن شكواه حتى يحصل الحكم الدرجة القطعية.,تختلف الإجراءات التي يمكن للشاكي اتخاذها إذا قرر التنازل عن شكواه قبل حصول الحكم الدرجة القطعية، تبعاً لموقف الدعوى. فإذا كانت الدعوى في مرحلة التحقيقات، فيمكن للش
3139,ماذا يعني الحديث عن أسناد التجارية في هذه المادة؟,الحديث عن أسناد التجارية يشير إلى أن هذه المادة لا تنطبق على الوثائق التجارية، حتى لو كانت موقعة من قبل أطراف غير تجارية.,يعني الحديث عن أسناد التجارية في هذه المادة أن كل ما يوجد في السند يجب أن يكون ثابتاً من تاريخه، أي لا يوجد إلا في تاريخه.
5802,ما الجهة المسؤولة عن تنفيذ الاحكام التأديبية ضد المحامين؟,تنفذ الأحكام التأديبية ضد المحامين بواسطة النيابة العامة.,The competent authority for the execution of disciplinary penalties against lawyers is the Public Prosecution.
4146,هل يُسمح بتوزيع مكافأة في حال كانت الشركة في مرحلة التأسيس ولم تحقق أرباحاً بعد؟,نعم، يُسمح بتوزيع مكافأة بحد أقصى لا يتجاوز الف دينار لكل عضو.,
467,متى يبدأ الأجل في حال كان الثمن مؤجلاً أو مقسطاً؟,يبدأ الأجل من تاريخ تسلم المبيع.,"المادة 484
اذا كان الثمن مؤجلاً أو مقسطاً فان الأجل يبدا من تاريخ تسلم المبيع.
الباب الأول- عقود التمليك
الفصل الأول- عقد البيع
نقل الملكية
المادة 485
اذا كان الث"
5225,كم تبلغ الحد الأدنى والحد الأقصى للغرامة المفروضة على من يقوم بتدمير الممتلكات وفقاً للمادة 443؟,الحد الأدنى للغرامة هو مائة دينار، والحد الأقصى هو خمسمائة دينار.,يبلغ الحد الأدنى للغرامة المفروضة على من يقوم بتدمير الممتلكات 100 دينار، بينما يبلغ الحد الأقصى 500 دينار.
725,ما هو المضمون الرئيسي للمادة 740 من القانون المدني الأردني؟,توزيع المسؤوليات والنفقات بين المساقي وصاحب الشجر.,"المساقاة هي عقود ينفذها شخص لصالح شخص آخر. ويمكن تقسيمها إلى قسمين: المساقاة المادية والمساقاة النقدية.
المساقاة المادية هي عقد ينفذها شخص لصالح شخص آخر حيث يقوم هذا الشخص بتن"
1591,ما يحدث إذا استمر العامل في تنفيذ عقد العمل لمدة محدودة بعد انقضاء مدته؟,يُعتبر ذلك تجديدًا للعقد لمدة غير محدودة من بداية الاستخدام.,"عند استمرار العامل في تنفيذ العقد لمدة محدودة بعد انقضاء مدته، يعتبر ذلك تجديد العقد لمدة غير محدودة، وذلك من بداية الاستخدام.

### Explanation:
The contract is terminated when the specified period expires. However, if the employer and"
3481,ما هي الإجراءات التي يجب اتخاذها من قبل المدين خلال ثلاثين يوما من تاريخ الإحالة القطعية؟,يجب على المدين أن يودع في صندوق الدائرة مبلغًا يكفي لوفاء الديون والفوائد والنفقات للدائن والدائنين الآخرين.,للبطل خلال ثلاثين يوما من تاريخ الإحالة القطعية، يجب أن يودع في صندوق الدائرة مبلغاً يكفي لوفاء الديون والفوائد والنفقات التي للدائن طالب التنفيذ والدائنين الذين اشترك
4443,ما هو الشرط الذي يمكن لأي متضرر من أعمال المصفي وإجراءاته أن يطعن فيه؟,يمكن لأي متضرر من أعمال المصفي وإجراءاته أن يطعن فيها لدى المحكمة التي يمكنها تأييدها أو إبطالها أو تعديلها.,"ما هو الشرط الذي يمكن لأي متضرر من أعمال المصفي وإجراءاته أن يطعن فيه؟

### Explanation:
ما هو الشرط الذي يمكن لأي متضرر من أعمال المصفي وإجراءاته أن يطعن فيه؟
هو ما إذا كان المصفي قد"
1931,ما هي العقوبة المفروضة على من يقاوم المكلفين بتنفيذ أحكام القانون والأنظمة؟,الحبس لا تقل عن سنة وغرامة لا تقل عن خمسمائة دينار ولا تزيد على ألف دينار.,"ما هي العقوبة المفروضة على من يقاوم المكلفين بتنفيذ أحكام القانون والأنظمة؟
المادة 12
أ- مع مراعاة أحكام الفقرتين (ب) و(ج) من هذه المادة"
3713,ما الذي يحدده القانون في المادة 52 بخصوص عقد شركة المحاصة؟,يحدد القانون حقوق الشركاء في الشركة والالتزامات المترتبة عليهم تجاه الشركة وتجاه بعضهم.,"ما الذي يحدده القانون في المادة 52 بخصوص عقد شركة المحاصة؟

### Input:
المادة 52
يحدد عقد شركة المحاصة حقوق الشركاء في الشركة والالتزامات المترتبة عليهم تجاه الشركة وتجاه بعضهم بما في ذلك كيفية"
5210,ما هي المضاربات التي ينظمها القانون ويعاقب على مخالفتها؟,المضاربات الغير مشروعة، مثل تعطيل أو عرقلة حرية المزايدة العلنية المتعلقة بالبيع، الشراء، التأجير، الالتزامات، أو التعهد.,مضاربات غير مشروعة هي أن تقوم ببيع وشراء العقار بالخداع أو بالتهديد أو بالعنف أو بالأكاذيب أو بإقصاء المتزايدين أو الملتزمين، أو بأي طريقة أخرى، فإذا فعل
4561,كم يوما يستمر يوم العقوبة وفقا للمادة 40؟,يوم العقوبة يستمر لمدة أربع وعشرون ساعة.,"According to Article 40, how many days does a day of punishment last?

### Input:
Article 40
1- A day of punishment is 24 hours, and a month is 30 days, and anything longer than a month is calculated according to the Gregorian calendar.
2- In cases where a detain"
1499,ما هي العقوبة المقررة لمن ينشئ أو يدير موقعاً إلكترونياً بدون تصريح؟,يُعاقب بالحبس لا يقل عن سنتين وبغرامة لا تقل عن 10000 دينار ولا تزيد على 30000 دينار.,يعاقب بالحبس لمدة لا تقل عن سنتين وبغرامة لا تقل عن عشرة آلاف دينار ولا تزيد على ثلاثين ألف دينار كل شخص من غير المصرح له أنشأ أو أدار موقعا الكترونيا أو منصة تواصل اجتماعي
3513,ما يجب على الدائرة فعله بالمبالغ التي تحصل من المدين بالاستناد إلى سند تنفيذي؟,قيدها في محضر التنفيذ ودفتر اليومية لحساب الدائن.,"المادة 113      ( 

أ- لا تعطي الاسبقية في الحجز صاحبها اي امتياز في مواجهة الحاجزين الآخرين .
ب- لا تقبل مشاركة"
2503,ما هو النتيجة القانونية عندما تقضي المحكمة بفسخ الحكم بسبب عدم وجود جرم أو بينة كافية؟,النتيجة القانونية هي عدم مسؤولية المحكوم عليه.,"In the case of Jordan, the result of the nullification of a verdict due to the lack of a crime or sufficient evidence is the acquittal of the defendant.

### Explanation:
The legal consequences of the nullification of a verdict due to the lack of a crime or sufficient evidence are provided in Article 268 of the"
4276,ما هي العمليات المسموح بها للشركة القابضة وفقاً للمادة 205؟,المسموح للشركة القابضة هو إدارة الشركات التابعة، واستثمار الأموال، وتقديم القروض، وتملك الحقوق المعنوية مثل براءات الاختراع والعلامات التجارية.,"The following are the allowed operations of the holding company according to article 205:
A. Managing the subsidiaries or participating in the management of other companies in which it invests.
B. Investing its money in shares, bonds, and securities.
C. Providing loans, guarantees, and financing to its subsidiaries.
D. Ac"
4899,ما هي الجرائم التي تتعلق بالمسكوكات والتي تُعاقب عليها بالأشغال؟,تتعلق الجرائم بطلاء القطع المعدنية بالذهب أو الفضة، ووضع قطع معدنية لتسهيل صنع سك، ودخول مسكوكات زائفة إلى المملكة، وصنع قوالب لنقش يحاكي نقوش السك، وصنع آلات لقطع أقراص من المعادن.,"أولاً: الجرائم التي تتعلق بالمسكوكات والتي تُعاقب عليها بالأشغال هي:
1- طلى بالذهب أو الفضة أية قطعة معدنية ذات حجم أو شكل يناسب لصنع المسكوكات منها بقصد سك مسكوكات ذهبية أو"
3961,ما هي العلاقة بين ذمة المساهم في الشركة المساهمة العامة وذمة الشركة نفسها؟,ذمة المساهم مستقلة عن ذمة الشركة، حيث تكون الشركة مسؤولة عن ديونها والالتزامات المالية الخاصة بها.,"The financial liability of the company's general partnership is independent of the financial liability of each partner in it, and the company with its assets and funds is responsible for the debts and obligations incurred by it, and the partner is not responsible to the company for those debts and obligations, except to the extent of the shares he owns"
4867,ما العقوبة المقررة على الشخص الذي كان موقوفا بصورة قانونية من أجل جريمة وهرب؟,الحبس لمدة لا تزيد على ثلاث سنوات إذا كان موقوفا بجناية، ولمدة لا تزيد على سنة واحدة أو بغرامة لا تزيد على خمسين دينارا إذا كان موقوفا بجنحة.,"الجواب:
يحاكم الجاني في حالة فراره ويعاقب بالحبس لمدة لا تزيد على ثلاث سنوات إذا كان موقوفا بجناية ، ولمدة لا تزيد على سنة واحدة أو بغرامة لا تزيد على خمسين دينارا إذا كان موقوف"
